"LOCATION","INDICATOR","SUBJECT","MEASURE","FREQUENCY","TIME","Value","Flag Codes"
"AUS","GDP","TOT","USD_CAP","A","2010",42825.605734,
"AUS","GDP","TOT","USD_CAP","A","2011",44429.559507,
"AUS","GDP","TOT","USD_CAP","A","2012",43883.378891,
"AUS","GDP","TOT","USD_CAP","A","2013",47761.901259,
"AUS","GDP","TOT","USD_CAP","A","2014",47603.880878,
"AUS","GDP","TOT","USD_CAP","A","2015",47232.62912,
"AUS","GDP","TOT","USD_CAP","A","2016",50150.652199,
"AUS","GDP","TOT","USD_CAP","A","2017",50699.175108,
"AUS","GDP","TOT","USD_CAP","A","2018",52907.901588,
"AUS","GDP","TOT","USD_CAP","A","2019",52956.736913,
"AUT","GDP","TOT","USD_CAP","A","2010",42053.24337,
"AUT","GDP","TOT","USD_CAP","A","2011",44469.209642,
"AUT","GDP","TOT","USD_CAP","A","2012",46477.655075,
"AUT","GDP","TOT","USD_CAP","A","2013",47936.677963,
"AUT","GDP","TOT","USD_CAP","A","2014",48813.534409,
"AUT","GDP","TOT","USD_CAP","A","2015",49942.056293,
"AUT","GDP","TOT","USD_CAP","A","2016",52665.087457,
"AUT","GDP","TOT","USD_CAP","A","2017",54188.360666,
"AUT","GDP","TOT","USD_CAP","A","2018",57077.725327,
"AUT","GDP","TOT","USD_CAP","A","2019",58656.346377,
"BEL","GDP","TOT","USD_CAP","A","2010",39868.992658,
"BEL","GDP","TOT","USD_CAP","A","2011",40943.343479,
"BEL","GDP","TOT","USD_CAP","A","2012",42290.477674,
"BEL","GDP","TOT","USD_CAP","A","2013",43672.712292,
"BEL","GDP","TOT","USD_CAP","A","2014",44929.933328,
"BEL","GDP","TOT","USD_CAP","A","2015",46201.685891,
"BEL","GDP","TOT","USD_CAP","A","2016",48599.202676,
"BEL","GDP","TOT","USD_CAP","A","2017",50442.947518,
"BEL","GDP","TOT","USD_CAP","A","2018",52623.794383,
"BEL","GDP","TOT","USD_CAP","A","2019",54918.053637,
"CAN","GDP","TOT","USD_CAP","A","2010",40114.222041,
"CAN","GDP","TOT","USD_CAP","A","2011",41666.718851,
"CAN","GDP","TOT","USD_CAP","A","2012",42290.879082,
"CAN","GDP","TOT","USD_CAP","A","2013",44298.514462,
"CAN","GDP","TOT","USD_CAP","A","2014",45753.782936,
"CAN","GDP","TOT","USD_CAP","A","2015",44670.054374,
"CAN","GDP","TOT","USD_CAP","A","2016",46472.368771,
"CAN","GDP","TOT","USD_CAP","A","2017",48316.716527,
"CAN","GDP","TOT","USD_CAP","A","2018",50239.988278,
"CAN","GDP","TOT","USD_CAP","A","2019",50660.587438,
"CZE","GDP","TOT","USD_CAP","A","2010",27789.608377,
"CZE","GDP","TOT","USD_CAP","A","2011",28999.754757,
"CZE","GDP","TOT","USD_CAP","A","2012",29258.904853,
"CZE","GDP","TOT","USD_CAP","A","2013",30828.526409,
"CZE","GDP","TOT","USD_CAP","A","2014",32504.217576,
"CZE","GDP","TOT","USD_CAP","A","2015",33909.309243,
"CZE","GDP","TOT","USD_CAP","A","2016",36101.285601,
"CZE","GDP","TOT","USD_CAP","A","2017",38842.896268,
"CZE","GDP","TOT","USD_CAP","A","2018",41147.631528,
"CZE","GDP","TOT","USD_CAP","A","2019",43326.662998,
"DNK","GDP","TOT","USD_CAP","A","2010",43041.192361,
"DNK","GDP","TOT","USD_CAP","A","2011",44407.94207,
"DNK","GDP","TOT","USD_CAP","A","2012",44808.549212,
"DNK","GDP","TOT","USD_CAP","A","2013",46742.939663,
"DNK","GDP","TOT","USD_CAP","A","2014",47905.477079,
"DNK","GDP","TOT","USD_CAP","A","2015",49058.142344,
"DNK","GDP","TOT","USD_CAP","A","2016",51967.020438,
"DNK","GDP","TOT","USD_CAP","A","2017",55356.49009,
"DNK","GDP","TOT","USD_CAP","A","2018",57453.005832,
"DNK","GDP","TOT","USD_CAP","A","2019",59870.025325,
"FIN","GDP","TOT","USD_CAP","A","2010",38985.871994,
"FIN","GDP","TOT","USD_CAP","A","2011",40916.647325,
"FIN","GDP","TOT","USD_CAP","A","2012",40872.854802,
"FIN","GDP","TOT","USD_CAP","A","2013",41492.918416,
"FIN","GDP","TOT","USD_CAP","A","2014",41749.864733,
"FIN","GDP","TOT","USD_CAP","A","2015",42490.211049,
"FIN","GDP","TOT","USD_CAP","A","2016",44934.488245,
"FIN","GDP","TOT","USD_CAP","A","2017",47570.270354,
"FIN","GDP","TOT","USD_CAP","A","2018",49700.52107,
"FIN","GDP","TOT","USD_CAP","A","2019",51521.398254,
"FRA","GDP","TOT","USD_CAP","A","2010",35939.455835,
"FRA","GDP","TOT","USD_CAP","A","2011",37447.949543,
"FRA","GDP","TOT","USD_CAP","A","2012",37684.198067,
"FRA","GDP","TOT","USD_CAP","A","2013",39528.473644,
"FRA","GDP","TOT","USD_CAP","A","2014",40144.059485,
"FRA","GDP","TOT","USD_CAP","A","2015",40829.893311,
"FRA","GDP","TOT","USD_CAP","A","2016",42855.944562,
"FRA","GDP","TOT","USD_CAP","A","2017",44445.59677,
"FRA","GDP","TOT","USD_CAP","A","2018",46419.314271,
"FRA","GDP","TOT","USD_CAP","A","2019",49344.708712,"P"
"DEU","GDP","TOT","USD_CAP","A","2010",39707.329953,
"DEU","GDP","TOT","USD_CAP","A","2011",42541.513126,
"DEU","GDP","TOT","USD_CAP","A","2012",43359.541048,
"DEU","GDP","TOT","USD_CAP","A","2013",44993.667838,
"DEU","GDP","TOT","USD_CAP","A","2014",47011.280402,
"DEU","GDP","TOT","USD_CAP","A","2015",47609.557159,
"DEU","GDP","TOT","USD_CAP","A","2016",50579.483717,
"DEU","GDP","TOT","USD_CAP","A","2017",53071.478374,
"DEU","GDP","TOT","USD_CAP","A","2018",55142.158063,"P"
"DEU","GDP","TOT","USD_CAP","A","2019",56284.936441,"P"
"GRC","GDP","TOT","USD_CAP","A","2010",27934.317127,"B"
"GRC","GDP","TOT","USD_CAP","A","2011",25671.291223,
"GRC","GDP","TOT","USD_CAP","A","2012",24911.062614,
"GRC","GDP","TOT","USD_CAP","A","2013",25986.57671,
"GRC","GDP","TOT","USD_CAP","A","2014",26625.188631,
"GRC","GDP","TOT","USD_CAP","A","2015",26760.152201,
"GRC","GDP","TOT","USD_CAP","A","2016",27511.777671,
"GRC","GDP","TOT","USD_CAP","A","2017",28604.794575,
"GRC","GDP","TOT","USD_CAP","A","2018",29652.89144,
"GRC","GDP","TOT","USD_CAP","A","2019",30841.801741,"P"
"HUN","GDP","TOT","USD_CAP","A","2010",21768.44459,
"HUN","GDP","TOT","USD_CAP","A","2011",23038.80802,
"HUN","GDP","TOT","USD_CAP","A","2012",23275.231857,
"HUN","GDP","TOT","USD_CAP","A","2013",24556.715269,
"HUN","GDP","TOT","USD_CAP","A","2014",25699.750577,
"HUN","GDP","TOT","USD_CAP","A","2015",26806.595306,
"HUN","GDP","TOT","USD_CAP","A","2016",27947.637585,
"HUN","GDP","TOT","USD_CAP","A","2017",29501.120486,
"HUN","GDP","TOT","USD_CAP","A","2018",31862.882417,
"HUN","GDP","TOT","USD_CAP","A","2019",33961.565566,
"ISL","GDP","TOT","USD_CAP","A","2010",39810.803416,
"ISL","GDP","TOT","USD_CAP","A","2011",40938.664549,
"ISL","GDP","TOT","USD_CAP","A","2012",42006.543346,
"ISL","GDP","TOT","USD_CAP","A","2013",44404.731588,
"ISL","GDP","TOT","USD_CAP","A","2014",45995.001692,
"ISL","GDP","TOT","USD_CAP","A","2015",49203.294991,
"ISL","GDP","TOT","USD_CAP","A","2016",53486.615773,
"ISL","GDP","TOT","USD_CAP","A","2017",55638.491978,
"ISL","GDP","TOT","USD_CAP","A","2018",58320.911643,
"ISL","GDP","TOT","USD_CAP","A","2019",60126.541783,
"IRL","GDP","TOT","USD_CAP","A","2010",43239.794656,
"IRL","GDP","TOT","USD_CAP","A","2011",45095.404017,
"IRL","GDP","TOT","USD_CAP","A","2012",46382.57421,
"IRL","GDP","TOT","USD_CAP","A","2013",47869.673503,
"IRL","GDP","TOT","USD_CAP","A","2014",51156.247715,
"IRL","GDP","TOT","USD_CAP","A","2015",69119.703929,
"IRL","GDP","TOT","USD_CAP","A","2016",71594.095685,
"IRL","GDP","TOT","USD_CAP","A","2017",77832.00899,
"IRL","GDP","TOT","USD_CAP","A","2018",84781.721928,
"IRL","GDP","TOT","USD_CAP","A","2019",89680.969173,
"ITA","GDP","TOT","USD_CAP","A","2010",34866.522229,
"ITA","GDP","TOT","USD_CAP","A","2011",36203.328522,
"ITA","GDP","TOT","USD_CAP","A","2012",36091.373957,
"ITA","GDP","TOT","USD_CAP","A","2013",36267.925352,
"ITA","GDP","TOT","USD_CAP","A","2014",36475.976061,
"ITA","GDP","TOT","USD_CAP","A","2015",37206.331822,
"ITA","GDP","TOT","USD_CAP","A","2016",40267.222623,
"ITA","GDP","TOT","USD_CAP","A","2017",41951.466331,
"ITA","GDP","TOT","USD_CAP","A","2018",43511.514215,
"ITA","GDP","TOT","USD_CAP","A","2019",44950.911658,
"JPN","GDP","TOT","USD_CAP","A","2010",35356.426696,
"JPN","GDP","TOT","USD_CAP","A","2011",36215.006272,
"JPN","GDP","TOT","USD_CAP","A","2012",37628.675989,
"JPN","GDP","TOT","USD_CAP","A","2013",39436.682585,
"JPN","GDP","TOT","USD_CAP","A","2014",39559.763471,
"JPN","GDP","TOT","USD_CAP","A","2015",40908.781547,
"JPN","GDP","TOT","USD_CAP","A","2016",40642.704531,
"JPN","GDP","TOT","USD_CAP","A","2017",41531.221619,
"JPN","GDP","TOT","USD_CAP","A","2018",42415.262579,
"JPN","GDP","TOT","USD_CAP","A","2019",42929.661311,
"KOR","GDP","TOT","USD_CAP","A","2010",31748.35357,
"KOR","GDP","TOT","USD_CAP","A","2011",32546.517725,
"KOR","GDP","TOT","USD_CAP","A","2012",33557.030447,
"KOR","GDP","TOT","USD_CAP","A","2013",34244.239492,
"KOR","GDP","TOT","USD_CAP","A","2014",35324.260296,
"KOR","GDP","TOT","USD_CAP","A","2015",37902.361018,
"KOR","GDP","TOT","USD_CAP","A","2016",39575.302078,
"KOR","GDP","TOT","USD_CAP","A","2017",40957.347064,
"KOR","GDP","TOT","USD_CAP","A","2018",42486.739807,
"KOR","GDP","TOT","USD_CAP","A","2019",42849.560289,
"LUX","GDP","TOT","USD_CAP","A","2010",90326.51628,
"LUX","GDP","TOT","USD_CAP","A","2011",94278.922851,
"LUX","GDP","TOT","USD_CAP","A","2012",96535.745828,
"LUX","GDP","TOT","USD_CAP","A","2013",100561.366405,
"LUX","GDP","TOT","USD_CAP","A","2014",104917.945675,
"LUX","GDP","TOT","USD_CAP","A","2015",107898.304236,
"LUX","GDP","TOT","USD_CAP","A","2016",112955.470175,
"LUX","GDP","TOT","USD_CAP","A","2017",114862.528755,
"LUX","GDP","TOT","USD_CAP","A","2018",117080.390255,
"LUX","GDP","TOT","USD_CAP","A","2019",119127.51185,
"MEX","GDP","TOT","USD_CAP","A","2010",15257.673655,
"MEX","GDP","TOT","USD_CAP","A","2011",16546.641414,
"MEX","GDP","TOT","USD_CAP","A","2012",17220.06914,
"MEX","GDP","TOT","USD_CAP","A","2013",17461.798268,
"MEX","GDP","TOT","USD_CAP","A","2014",18178.397421,
"MEX","GDP","TOT","USD_CAP","A","2015",18454.801482,
"MEX","GDP","TOT","USD_CAP","A","2016",19516.145022,
"MEX","GDP","TOT","USD_CAP","A","2017",19947.197691,
"MEX","GDP","TOT","USD_CAP","A","2018",20519.57785,
"MEX","GDP","TOT","USD_CAP","A","2019",20748.032715,"P"
"NLD","GDP","TOT","USD_CAP","A","2010",45079.367407,
"NLD","GDP","TOT","USD_CAP","A","2011",46599.227659,
"NLD","GDP","TOT","USD_CAP","A","2012",47271.968226,
"NLD","GDP","TOT","USD_CAP","A","2013",49242.786711,
"NLD","GDP","TOT","USD_CAP","A","2014",49233.230349,
"NLD","GDP","TOT","USD_CAP","A","2015",50288.352815,
"NLD","GDP","TOT","USD_CAP","A","2016",52289.404292,
"NLD","GDP","TOT","USD_CAP","A","2017",55089.58143,
"NLD","GDP","TOT","USD_CAP","A","2018",57899.824961,
"NLD","GDP","TOT","USD_CAP","A","2019",59674.76803,"P"
"NZL","GDP","TOT","USD_CAP","A","2010",31152.554881,
"NZL","GDP","TOT","USD_CAP","A","2011",32638.103325,
"NZL","GDP","TOT","USD_CAP","A","2012",32916.91304,
"NZL","GDP","TOT","USD_CAP","A","2013",36084.865782,
"NZL","GDP","TOT","USD_CAP","A","2014",37084.794142,
"NZL","GDP","TOT","USD_CAP","A","2015",37246.951138,
"NZL","GDP","TOT","USD_CAP","A","2016",39719.042939,
"NZL","GDP","TOT","USD_CAP","A","2017",42074.660571,
"NZL","GDP","TOT","USD_CAP","A","2018",43738.114648,
"NZL","GDP","TOT","USD_CAP","A","2019",44612.279404,
"NOR","GDP","TOT","USD_CAP","A","2010",57966.866732,
"NOR","GDP","TOT","USD_CAP","A","2011",62077.845797,
"NOR","GDP","TOT","USD_CAP","A","2012",65349.216157,
"NOR","GDP","TOT","USD_CAP","A","2013",66956.285962,
"NOR","GDP","TOT","USD_CAP","A","2014",65895.667611,
"NOR","GDP","TOT","USD_CAP","A","2015",60352.716908,
"NOR","GDP","TOT","USD_CAP","A","2016",58923.240139,
"NOR","GDP","TOT","USD_CAP","A","2017",64050.366694,
"NOR","GDP","TOT","USD_CAP","A","2018",69709.381608,
"NOR","GDP","TOT","USD_CAP","A","2019",68343.740792,
"POL","GDP","TOT","USD_CAP","A","2010",20828.986526,
"POL","GDP","TOT","USD_CAP","A","2011",22553.514215,
"POL","GDP","TOT","USD_CAP","A","2012",23455.560312,
"POL","GDP","TOT","USD_CAP","A","2013",24272.842559,
"POL","GDP","TOT","USD_CAP","A","2014",25162.875509,
"POL","GDP","TOT","USD_CAP","A","2015",26534.723216,
"POL","GDP","TOT","USD_CAP","A","2016",27985.340009,
"POL","GDP","TOT","USD_CAP","A","2017",29714.590984,
"POL","GDP","TOT","USD_CAP","A","2018",31613.688164,
"POL","GDP","TOT","USD_CAP","A","2019",33858.276341,
"PRT","GDP","TOT","USD_CAP","A","2010",27282.766346,
"PRT","GDP","TOT","USD_CAP","A","2011",26769.42769,
"PRT","GDP","TOT","USD_CAP","A","2012",26438.140472,
"PRT","GDP","TOT","USD_CAP","A","2013",27936.006299,
"PRT","GDP","TOT","USD_CAP","A","2014",28742.313125,
"PRT","GDP","TOT","USD_CAP","A","2015",29660.845901,
"PRT","GDP","TOT","USD_CAP","A","2016",31607.610185,
"PRT","GDP","TOT","USD_CAP","A","2017",33044.70015,
"PRT","GDP","TOT","USD_CAP","A","2018",34931.85988,
"PRT","GDP","TOT","USD_CAP","A","2019",36945.039955,
"SVK","GDP","TOT","USD_CAP","A","2010",25141.82601,
"SVK","GDP","TOT","USD_CAP","A","2011",26147.239673,
"SVK","GDP","TOT","USD_CAP","A","2012",26894.994483,
"SVK","GDP","TOT","USD_CAP","A","2013",27917.45727,
"SVK","GDP","TOT","USD_CAP","A","2014",28930.034071,
"SVK","GDP","TOT","USD_CAP","A","2015",29972.9225,
"SVK","GDP","TOT","USD_CAP","A","2016",29645.701303,
"SVK","GDP","TOT","USD_CAP","A","2017",30066.187534,
"SVK","GDP","TOT","USD_CAP","A","2018",31535.3008,
"SVK","GDP","TOT","USD_CAP","A","2019",32613.732521,
"ESP","GDP","TOT","USD_CAP","A","2010",31716.709735,
"ESP","GDP","TOT","USD_CAP","A","2011",31872.363088,
"ESP","GDP","TOT","USD_CAP","A","2012",31724.631513,
"ESP","GDP","TOT","USD_CAP","A","2013",32452.659676,
"ESP","GDP","TOT","USD_CAP","A","2014",33544.352014,
"ESP","GDP","TOT","USD_CAP","A","2015",34929.20969,
"ESP","GDP","TOT","USD_CAP","A","2016",37313.634913,
"ESP","GDP","TOT","USD_CAP","A","2017",39580.188366,
"ESP","GDP","TOT","USD_CAP","A","2018",40747.03298,
"ESP","GDP","TOT","USD_CAP","A","2019",42197.335356,"P"
"SWE","GDP","TOT","USD_CAP","A","2010",42256.280065,
"SWE","GDP","TOT","USD_CAP","A","2011",44608.643898,
"SWE","GDP","TOT","USD_CAP","A","2012",45432.306926,
"SWE","GDP","TOT","USD_CAP","A","2013",46312.293685,
"SWE","GDP","TOT","USD_CAP","A","2014",47184.719403,
"SWE","GDP","TOT","USD_CAP","A","2015",49103.0618,
"SWE","GDP","TOT","USD_CAP","A","2016",50430.174559,
"SWE","GDP","TOT","USD_CAP","A","2017",51947.942867,
"SWE","GDP","TOT","USD_CAP","A","2018",53553.312077,
"SWE","GDP","TOT","USD_CAP","A","2019",55337.872219,
"CHE","GDP","TOT","USD_CAP","A","2010",54809.791037,
"CHE","GDP","TOT","USD_CAP","A","2011",57987.486864,
"CHE","GDP","TOT","USD_CAP","A","2012",59933.617056,
"CHE","GDP","TOT","USD_CAP","A","2013",62225.11235,
"CHE","GDP","TOT","USD_CAP","A","2014",64103.009758,
"CHE","GDP","TOT","USD_CAP","A","2015",66020.20952,
"CHE","GDP","TOT","USD_CAP","A","2016",68105.138178,
"CHE","GDP","TOT","USD_CAP","A","2017",69103.567686,
"CHE","GDP","TOT","USD_CAP","A","2018",71671.505477,
"CHE","GDP","TOT","USD_CAP","A","2019",73143.783305,
"TUR","GDP","TOT","USD_CAP","A","2010",17359.967189,
"TUR","GDP","TOT","USD_CAP","A","2011",19590.858369,
"TUR","GDP","TOT","USD_CAP","A","2012",20627.440729,
"TUR","GDP","TOT","USD_CAP","A","2013",22373.136543,
"TUR","GDP","TOT","USD_CAP","A","2014",24104.984583,
"TUR","GDP","TOT","USD_CAP","A","2015",25855.912681,
"TUR","GDP","TOT","USD_CAP","A","2016",26695.909373,
"TUR","GDP","TOT","USD_CAP","A","2017",28193.061398,
"TUR","GDP","TOT","USD_CAP","A","2018",28266.686871,
"TUR","GDP","TOT","USD_CAP","A","2019",27584.46933,
"GBR","GDP","TOT","USD_CAP","A","2010",36608.229794,
"GBR","GDP","TOT","USD_CAP","A","2011",37363.819988,
"GBR","GDP","TOT","USD_CAP","A","2012",38511.142147,
"GBR","GDP","TOT","USD_CAP","A","2013",40232.722312,
"GBR","GDP","TOT","USD_CAP","A","2014",41584.042063,
"GBR","GDP","TOT","USD_CAP","A","2015",42916.969653,
"GBR","GDP","TOT","USD_CAP","A","2016",44610.565649,
"GBR","GDP","TOT","USD_CAP","A","2017",46385.63354,
"GBR","GDP","TOT","USD_CAP","A","2018",47880.772251,
"GBR","GDP","TOT","USD_CAP","A","2019",49362.791164,
"USA","GDP","TOT","USD_CAP","A","2010",48580.481254,
"USA","GDP","TOT","USD_CAP","A","2011",49997.535335,
"USA","GDP","TOT","USD_CAP","A","2012",51729.310147,
"USA","GDP","TOT","USD_CAP","A","2013",53241.104196,
"USA","GDP","TOT","USD_CAP","A","2014",55081.542599,
"USA","GDP","TOT","USD_CAP","A","2015",56731.074605,
"USA","GDP","TOT","USD_CAP","A","2016",57846.274282,
"USA","GDP","TOT","USD_CAP","A","2017",59896.756042,
"USA","GDP","TOT","USD_CAP","A","2018",62783.978541,
"USA","GDP","TOT","USD_CAP","A","2019",65055.785369,
"CHL","GDP","TOT","USD_CAP","A","2010",18129.087986,
"CHL","GDP","TOT","USD_CAP","A","2011",20302.78871,
"CHL","GDP","TOT","USD_CAP","A","2012",21446.537619,
"CHL","GDP","TOT","USD_CAP","A","2013",22352.530726,
"CHL","GDP","TOT","USD_CAP","A","2014",22687.933017,
"CHL","GDP","TOT","USD_CAP","A","2015",22603.768381,
"CHL","GDP","TOT","USD_CAP","A","2016",23349.677001,
"CHL","GDP","TOT","USD_CAP","A","2017",24402.005375,
"CHL","GDP","TOT","USD_CAP","A","2018",24686.142367,
"CHL","GDP","TOT","USD_CAP","A","2019",25856.985466,
"COL","GDP","TOT","USD_CAP","A","2010",10866.058552,
"COL","GDP","TOT","USD_CAP","A","2011",11726.775903,
"COL","GDP","TOT","USD_CAP","A","2012",12115.059684,
"COL","GDP","TOT","USD_CAP","A","2013",12799.508325,
"COL","GDP","TOT","USD_CAP","A","2014",13365.993539,
"COL","GDP","TOT","USD_CAP","A","2015",13330.562044,
"COL","GDP","TOT","USD_CAP","A","2016",14054.69606,
"COL","GDP","TOT","USD_CAP","A","2017",14479.812544,
"COL","GDP","TOT","USD_CAP","A","2018",15256.201618,
"COL","GDP","TOT","USD_CAP","A","2019",16077.321381,"P"
"EST","GDP","TOT","USD_CAP","A","2010",21606.362944,
"EST","GDP","TOT","USD_CAP","A","2011",24515.48857,
"EST","GDP","TOT","USD_CAP","A","2012",25946.944889,
"EST","GDP","TOT","USD_CAP","A","2013",27418.689637,
"EST","GDP","TOT","USD_CAP","A","2014",28917.833656,
"EST","GDP","TOT","USD_CAP","A","2015",29222.748082,
"EST","GDP","TOT","USD_CAP","A","2016",31310.152103,
"EST","GDP","TOT","USD_CAP","A","2017",33867.803542,
"EST","GDP","TOT","USD_CAP","A","2018",36236.794279,
"EST","GDP","TOT","USD_CAP","A","2019",38354.573733,
"ISR","GDP","TOT","USD_CAP","A","2010",28916.809205,
"ISR","GDP","TOT","USD_CAP","A","2011",30647.094772,
"ISR","GDP","TOT","USD_CAP","A","2012",31859.55362,
"ISR","GDP","TOT","USD_CAP","A","2013",34339.179297,
"ISR","GDP","TOT","USD_CAP","A","2014",34381.468362,
"ISR","GDP","TOT","USD_CAP","A","2015",35482.650947,
"ISR","GDP","TOT","USD_CAP","A","2016",37854.845318,
"ISR","GDP","TOT","USD_CAP","A","2017",39137.375997,
"ISR","GDP","TOT","USD_CAP","A","2018",40698.264187,
"ISR","GDP","TOT","USD_CAP","A","2019",42313.763663,
"RUS","GDP","TOT","USD_CAP","A","2010",22008.299275,"E"
"RUS","GDP","TOT","USD_CAP","A","2011",22798.673917,
"RUS","GDP","TOT","USD_CAP","A","2012",24303.491049,
"RUS","GDP","TOT","USD_CAP","A","2013",26073.873547,
"RUS","GDP","TOT","USD_CAP","A","2014",25761.66151,
"RUS","GDP","TOT","USD_CAP","A","2015",24085.312853,
"RUS","GDP","TOT","USD_CAP","A","2016",24128.081806,
"RUS","GDP","TOT","USD_CAP","A","2017",25926.431403,
"RUS","GDP","TOT","USD_CAP","A","2018",28681.779438,
"RUS","GDP","TOT","USD_CAP","A","2019",29188.845686,
"SVN","GDP","TOT","USD_CAP","A","2010",27844.90244,
"SVN","GDP","TOT","USD_CAP","A","2011",28931.423641,
"SVN","GDP","TOT","USD_CAP","A","2012",29048.325999,
"SVN","GDP","TOT","USD_CAP","A","2013",29979.618841,
"SVN","GDP","TOT","USD_CAP","A","2014",30872.72888,
"SVN","GDP","TOT","USD_CAP","A","2015",31631.838376,
"SVN","GDP","TOT","USD_CAP","A","2016",33942.76789,
"SVN","GDP","TOT","USD_CAP","A","2017",36517.579273,
"SVN","GDP","TOT","USD_CAP","A","2018",38953.468586,
"SVN","GDP","TOT","USD_CAP","A","2019",41184.960119,
"ZAF","GDP","TOT","USD_CAP","A","2010",11795.411488,
"ZAF","GDP","TOT","USD_CAP","A","2011",12272.385595,
"ZAF","GDP","TOT","USD_CAP","A","2012",12186.131656,
"ZAF","GDP","TOT","USD_CAP","A","2013",12616.606378,
"ZAF","GDP","TOT","USD_CAP","A","2014",12717.613064,
"ZAF","GDP","TOT","USD_CAP","A","2015",12772.251817,
"ZAF","GDP","TOT","USD_CAP","A","2016",12827.603574,
"ZAF","GDP","TOT","USD_CAP","A","2017",12952.21634,
"ZAF","GDP","TOT","USD_CAP","A","2018",13198.249784,
"ZAF","GDP","TOT","USD_CAP","A","2019",13285.683324,
"OECD","GDP","TOT","USD_CAP","A","2010",34552.691217,"B"
"OECD","GDP","TOT","USD_CAP","A","2011",35919.590139,
"OECD","GDP","TOT","USD_CAP","A","2012",36880.873701,
"OECD","GDP","TOT","USD_CAP","A","2013",38229.248208,
"OECD","GDP","TOT","USD_CAP","A","2014",39342.260395,
"OECD","GDP","TOT","USD_CAP","A","2015",40467.817726,
"OECD","GDP","TOT","USD_CAP","A","2016",41885.947931,
"OECD","GDP","TOT","USD_CAP","A","2017",43486.53051,
"OECD","GDP","TOT","USD_CAP","A","2018",45216.544301,"E"
"OECD","GDP","TOT","USD_CAP","A","2019",46505.368389,"E"
"LVA","GDP","TOT","USD_CAP","A","2010",17722.678936,
"LVA","GDP","TOT","USD_CAP","A","2011",19256.68991,
"LVA","GDP","TOT","USD_CAP","A","2012",21297.472621,
"LVA","GDP","TOT","USD_CAP","A","2013",22637.197448,
"LVA","GDP","TOT","USD_CAP","A","2014",23810.218371,
"LVA","GDP","TOT","USD_CAP","A","2015",24975.479748,
"LVA","GDP","TOT","USD_CAP","A","2016",26724.459825,
"LVA","GDP","TOT","USD_CAP","A","2017",28689.57466,
"LVA","GDP","TOT","USD_CAP","A","2018",30825.8716,
"LVA","GDP","TOT","USD_CAP","A","2019",32251.472213,
"BRA","GDP","TOT","USD_CAP","A","2010",14359.933545,
"BRA","GDP","TOT","USD_CAP","A","2011",15109.737403,
"BRA","GDP","TOT","USD_CAP","A","2012",15120.063649,
"BRA","GDP","TOT","USD_CAP","A","2013",15669.140139,
"BRA","GDP","TOT","USD_CAP","A","2014",15800.088894,
"BRA","GDP","TOT","USD_CAP","A","2015",14816.290598,
"BRA","GDP","TOT","USD_CAP","A","2016",14326.10209,
"BRA","GDP","TOT","USD_CAP","A","2017",14596.889676,
"BRA","GDP","TOT","USD_CAP","A","2018",15090.63762,
"LTU","GDP","TOT","USD_CAP","A","2010",20112.103125,
"LTU","GDP","TOT","USD_CAP","A","2011",22884.804355,
"LTU","GDP","TOT","USD_CAP","A","2012",24703.697943,
"LTU","GDP","TOT","USD_CAP","A","2013",26721.601926,
"LTU","GDP","TOT","USD_CAP","A","2014",28184.499091,
"LTU","GDP","TOT","USD_CAP","A","2015",28834.457574,
"LTU","GDP","TOT","USD_CAP","A","2016",30925.151813,
"LTU","GDP","TOT","USD_CAP","A","2017",33761.906595,
"LTU","GDP","TOT","USD_CAP","A","2018",36365.37958,
"LTU","GDP","TOT","USD_CAP","A","2019",38805.780253,
"CRI","GDP","TOT","USD_CAP","A","2010",13318.135538,
"CRI","GDP","TOT","USD_CAP","A","2011",14068.154868,
"CRI","GDP","TOT","USD_CAP","A","2012",14852.929898,
"CRI","GDP","TOT","USD_CAP","A","2013",15542.368395,
"CRI","GDP","TOT","USD_CAP","A","2014",16615.974075,
"CRI","GDP","TOT","USD_CAP","A","2015",17649.314854,
"CRI","GDP","TOT","USD_CAP","A","2016",19119.336147,
"CRI","GDP","TOT","USD_CAP","A","2017",20368.230268,
"CRI","GDP","TOT","USD_CAP","A","2018",20988.161555,"E"
"CRI","GDP","TOT","USD_CAP","A","2019",21759.381303,"E"
"BGR","GDP","TOT","USD_CAP","A","2010",14692.355494,
"BGR","GDP","TOT","USD_CAP","A","2011",15747.0217,
"BGR","GDP","TOT","USD_CAP","A","2012",16327.88074,
"BGR","GDP","TOT","USD_CAP","A","2013",16647.0627,
"BGR","GDP","TOT","USD_CAP","A","2014",17616.975217,
"BGR","GDP","TOT","USD_CAP","A","2015",18391.873452,
"BGR","GDP","TOT","USD_CAP","A","2016",20074.333169,
"BGR","GDP","TOT","USD_CAP","A","2017",21469.942087,
"BGR","GDP","TOT","USD_CAP","A","2018",22957.230311,
"BGR","GDP","TOT","USD_CAP","A","2019",24707.177964,
"HRV","GDP","TOT","USD_CAP","A","2010",19978.123622,
"HRV","GDP","TOT","USD_CAP","A","2011",21003.360644,
"HRV","GDP","TOT","USD_CAP","A","2012",21389.987731,
"HRV","GDP","TOT","USD_CAP","A","2013",22087.486157,
"HRV","GDP","TOT","USD_CAP","A","2014",22337.402078,
"HRV","GDP","TOT","USD_CAP","A","2015",23276.918842,
"HRV","GDP","TOT","USD_CAP","A","2016",25222.481625,
"HRV","GDP","TOT","USD_CAP","A","2017",27119.090311,
"HRV","GDP","TOT","USD_CAP","A","2018",28938.914771,
"HRV","GDP","TOT","USD_CAP","A","2019",30974.823593,
"CYP","GDP","TOT","USD_CAP","A","2010",33449.01196,
"CYP","GDP","TOT","USD_CAP","A","2011",33313.379158,
"CYP","GDP","TOT","USD_CAP","A","2012",31834.588088,
"CYP","GDP","TOT","USD_CAP","A","2013",30375.241354,
"CYP","GDP","TOT","USD_CAP","A","2014",30080.39344,
"CYP","GDP","TOT","USD_CAP","A","2015",31815.270718,
"CYP","GDP","TOT","USD_CAP","A","2016",35719.036739,
"CYP","GDP","TOT","USD_CAP","A","2017",38288.069099,
"CYP","GDP","TOT","USD_CAP","A","2018",40816.686301,
"CYP","GDP","TOT","USD_CAP","A","2019",42861.329926,
"MLT","GDP","TOT","USD_CAP","A","2010",28747.240738,
"MLT","GDP","TOT","USD_CAP","A","2011",28972.955253,
"MLT","GDP","TOT","USD_CAP","A","2012",30241.405423,
"MLT","GDP","TOT","USD_CAP","A","2013",32287.913935,
"MLT","GDP","TOT","USD_CAP","A","2014",34318.634806,
"MLT","GDP","TOT","USD_CAP","A","2015",37430.609208,
"MLT","GDP","TOT","USD_CAP","A","2016",39774.055146,
"MLT","GDP","TOT","USD_CAP","A","2017",43530.402203,
"MLT","GDP","TOT","USD_CAP","A","2018",45811.440625,
"MLT","GDP","TOT","USD_CAP","A","2019",48269.429923,
"ROU","GDP","TOT","USD_CAP","A","2010",16989.279852,
"ROU","GDP","TOT","USD_CAP","A","2011",17896.080991,
"ROU","GDP","TOT","USD_CAP","A","2012",18867.513229,
"ROU","GDP","TOT","USD_CAP","A","2013",19777.022952,
"ROU","GDP","TOT","USD_CAP","A","2014",20649.982263,
"ROU","GDP","TOT","USD_CAP","A","2015",21598.558302,
"ROU","GDP","TOT","USD_CAP","A","2016",24266.283962,
"ROU","GDP","TOT","USD_CAP","A","2017",27136.07319,
"ROU","GDP","TOT","USD_CAP","A","2018",29244.574126,
"ROU","GDP","TOT","USD_CAP","A","2019",32317.038169,
