"";"spol";"starostne.skupine";"leto";"vzrok";"stevilo.umrlih"
"1";"M";"0-9";2010;"transportne.nezgode";1
"2";"M";"0-9";2010;"padci";0
"3";"M";"0-9";2010;"druge.nezgode";2
"4";"M";"0-9";2010;"samomori";0
"5";"M";"0-9";2011;"transportne.nezgode";3
"6";"M";"0-9";2011;"padci";1
"7";"M";"0-9";2011;"druge.nezgode";5
"8";"M";"0-9";2011;"samomori";0
"9";"M";"0-9";2012;"transportne.nezgode";1
"10";"M";"0-9";2012;"padci";0
"11";"M";"0-9";2012;"druge.nezgode";1
"12";"M";"0-9";2012;"samomori";0
"13";"M";"0-9";2013;"transportne.nezgode";1
"14";"M";"0-9";2013;"padci";0
"15";"M";"0-9";2013;"druge.nezgode";1
"16";"M";"0-9";2013;"samomori";0
"17";"M";"0-9";2014;"transportne.nezgode";1
"18";"M";"0-9";2014;"padci";0
"19";"M";"0-9";2014;"druge.nezgode";0
"20";"M";"0-9";2014;"samomori";0
"21";"M";"0-9";2015;"transportne.nezgode";2
"22";"M";"0-9";2015;"padci";0
"23";"M";"0-9";2015;"druge.nezgode";0
"24";"M";"0-9";2015;"samomori";0
"25";"M";"0-9";2016;"transportne.nezgode";1
"26";"M";"0-9";2016;"padci";0
"27";"M";"0-9";2016;"druge.nezgode";0
"28";"M";"0-9";2016;"samomori";0
"29";"M";"0-9";2017;"transportne.nezgode";1
"30";"M";"0-9";2017;"padci";1
"31";"M";"0-9";2017;"druge.nezgode";1
"32";"M";"0-9";2017;"samomori";0
"33";"M";"0-9";2018;"transportne.nezgode";0
"34";"M";"0-9";2018;"padci";0
"35";"M";"0-9";2018;"druge.nezgode";0
"36";"M";"0-9";2018;"samomori";0
"37";"M";"0-9";2019;"transportne.nezgode";0
"38";"M";"0-9";2019;"padci";0
"39";"M";"0-9";2019;"druge.nezgode";2
"40";"M";"0-9";2019;"samomori";0
"41";"M";"0-9";2020;"transportne.nezgode";1
"42";"M";"0-9";2020;"padci";0
"43";"M";"0-9";2020;"druge.nezgode";1
"44";"M";"0-9";2020;"samomori";0
"45";"M";"10-19";2010;"transportne.nezgode";3
"46";"M";"10-19";2010;"padci";0
"47";"M";"10-19";2010;"druge.nezgode";2
"48";"M";"10-19";2010;"samomori";11
"49";"M";"10-19";2011;"transportne.nezgode";7
"50";"M";"10-19";2011;"padci";2
"51";"M";"10-19";2011;"druge.nezgode";5
"52";"M";"10-19";2011;"samomori";8
"53";"M";"10-19";2012;"transportne.nezgode";6
"54";"M";"10-19";2012;"padci";3
"55";"M";"10-19";2012;"druge.nezgode";1
"56";"M";"10-19";2012;"samomori";0
"57";"M";"10-19";2013;"transportne.nezgode";7
"58";"M";"10-19";2013;"padci";0
"59";"M";"10-19";2013;"druge.nezgode";0
"60";"M";"10-19";2013;"samomori";6
"61";"M";"10-19";2014;"transportne.nezgode";3
"62";"M";"10-19";2014;"padci";1
"63";"M";"10-19";2014;"druge.nezgode";2
"64";"M";"10-19";2014;"samomori";6
"65";"M";"10-19";2015;"transportne.nezgode";8
"66";"M";"10-19";2015;"padci";0
"67";"M";"10-19";2015;"druge.nezgode";5
"68";"M";"10-19";2015;"samomori";4
"69";"M";"10-19";2016;"transportne.nezgode";9
"70";"M";"10-19";2016;"padci";3
"71";"M";"10-19";2016;"druge.nezgode";4
"72";"M";"10-19";2016;"samomori";8
"73";"M";"10-19";2017;"transportne.nezgode";5
"74";"M";"10-19";2017;"padci";0
"75";"M";"10-19";2017;"druge.nezgode";1
"76";"M";"10-19";2017;"samomori";4
"77";"M";"10-19";2018;"transportne.nezgode";7
"78";"M";"10-19";2018;"padci";0
"79";"M";"10-19";2018;"druge.nezgode";3
"80";"M";"10-19";2018;"samomori";9
"81";"M";"10-19";2019;"transportne.nezgode";8
"82";"M";"10-19";2019;"padci";0
"83";"M";"10-19";2019;"druge.nezgode";3
"84";"M";"10-19";2019;"samomori";5
"85";"M";"10-19";2020;"transportne.nezgode";4
"86";"M";"10-19";2020;"padci";0
"87";"M";"10-19";2020;"druge.nezgode";2
"88";"M";"10-19";2020;"samomori";6
"89";"M";"20-24";2010;"transportne.nezgode";15
"90";"M";"20-24";2010;"padci";2
"91";"M";"20-24";2010;"druge.nezgode";8
"92";"M";"20-24";2010;"samomori";16
"93";"M";"20-24";2011;"transportne.nezgode";11
"94";"M";"20-24";2011;"padci";1
"95";"M";"20-24";2011;"druge.nezgode";10
"96";"M";"20-24";2011;"samomori";13
"97";"M";"20-24";2012;"transportne.nezgode";12
"98";"M";"20-24";2012;"padci";0
"99";"M";"20-24";2012;"druge.nezgode";7
"100";"M";"20-24";2012;"samomori";20
"101";"M";"20-24";2013;"transportne.nezgode";10
"102";"M";"20-24";2013;"padci";1
"103";"M";"20-24";2013;"druge.nezgode";6
"104";"M";"20-24";2013;"samomori";18
"105";"M";"20-24";2014;"transportne.nezgode";4
"106";"M";"20-24";2014;"padci";1
"107";"M";"20-24";2014;"druge.nezgode";5
"108";"M";"20-24";2014;"samomori";11
"109";"M";"20-24";2015;"transportne.nezgode";11
"110";"M";"20-24";2015;"padci";1
"111";"M";"20-24";2015;"druge.nezgode";2
"112";"M";"20-24";2015;"samomori";11
"113";"M";"20-24";2016;"transportne.nezgode";11
"114";"M";"20-24";2016;"padci";2
"115";"M";"20-24";2016;"druge.nezgode";6
"116";"M";"20-24";2016;"samomori";14
"117";"M";"20-24";2017;"transportne.nezgode";7
"118";"M";"20-24";2017;"padci";0
"119";"M";"20-24";2017;"druge.nezgode";4
"120";"M";"20-24";2017;"samomori";3
"121";"M";"20-24";2018;"transportne.nezgode";6
"122";"M";"20-24";2018;"padci";0
"123";"M";"20-24";2018;"druge.nezgode";3
"124";"M";"20-24";2018;"samomori";7
"125";"M";"20-24";2019;"transportne.nezgode";4
"126";"M";"20-24";2019;"padci";2
"127";"M";"20-24";2019;"druge.nezgode";3
"128";"M";"20-24";2019;"samomori";7
"129";"M";"20-24";2020;"transportne.nezgode";6
"130";"M";"20-24";2020;"padci";3
"131";"M";"20-24";2020;"druge.nezgode";2
"132";"M";"20-24";2020;"samomori";9
"133";"M";"25-29";2010;"transportne.nezgode";11
"134";"M";"25-29";2010;"padci";3
"135";"M";"25-29";2010;"druge.nezgode";8
"136";"M";"25-29";2010;"samomori";16
"137";"M";"25-29";2011;"transportne.nezgode";8
"138";"M";"25-29";2011;"padci";0
"139";"M";"25-29";2011;"druge.nezgode";7
"140";"M";"25-29";2011;"samomori";12
"141";"M";"25-29";2012;"transportne.nezgode";11
"142";"M";"25-29";2012;"padci";1
"143";"M";"25-29";2012;"druge.nezgode";9
"144";"M";"25-29";2012;"samomori";18
"145";"M";"25-29";2013;"transportne.nezgode";7
"146";"M";"25-29";2013;"padci";1
"147";"M";"25-29";2013;"druge.nezgode";4
"148";"M";"25-29";2013;"samomori";20
"149";"M";"25-29";2014;"transportne.nezgode";5
"150";"M";"25-29";2014;"padci";0
"151";"M";"25-29";2014;"druge.nezgode";9
"152";"M";"25-29";2014;"samomori";15
"153";"M";"25-29";2015;"transportne.nezgode";8
"154";"M";"25-29";2015;"padci";1
"155";"M";"25-29";2015;"druge.nezgode";8
"156";"M";"25-29";2015;"samomori";12
"157";"M";"25-29";2016;"transportne.nezgode";6
"158";"M";"25-29";2016;"padci";3
"159";"M";"25-29";2016;"druge.nezgode";8
"160";"M";"25-29";2016;"samomori";13
"161";"M";"25-29";2017;"transportne.nezgode";10
"162";"M";"25-29";2017;"padci";1
"163";"M";"25-29";2017;"druge.nezgode";5
"164";"M";"25-29";2017;"samomori";19
"165";"M";"25-29";2018;"transportne.nezgode";5
"166";"M";"25-29";2018;"padci";2
"167";"M";"25-29";2018;"druge.nezgode";5
"168";"M";"25-29";2018;"samomori";9
"169";"M";"25-29";2019;"transportne.nezgode";6
"170";"M";"25-29";2019;"padci";1
"171";"M";"25-29";2019;"druge.nezgode";8
"172";"M";"25-29";2019;"samomori";11
"173";"M";"25-29";2020;"transportne.nezgode";4
"174";"M";"25-29";2020;"padci";1
"175";"M";"25-29";2020;"druge.nezgode";9
"176";"M";"25-29";2020;"samomori";2
"177";"M";"30-34";2010;"transportne.nezgode";16
"178";"M";"30-34";2010;"padci";3
"179";"M";"30-34";2010;"druge.nezgode";13
"180";"M";"30-34";2010;"samomori";16
"181";"M";"30-34";2011;"transportne.nezgode";12
"182";"M";"30-34";2011;"padci";3
"183";"M";"30-34";2011;"druge.nezgode";18
"184";"M";"30-34";2011;"samomori";15
"185";"M";"30-34";2012;"transportne.nezgode";13
"186";"M";"30-34";2012;"padci";2
"187";"M";"30-34";2012;"druge.nezgode";7
"188";"M";"30-34";2012;"samomori";11
"189";"M";"30-34";2013;"transportne.nezgode";10
"190";"M";"30-34";2013;"padci";2
"191";"M";"30-34";2013;"druge.nezgode";10
"192";"M";"30-34";2013;"samomori";16
"193";"M";"30-34";2014;"transportne.nezgode";10
"194";"M";"30-34";2014;"padci";2
"195";"M";"30-34";2014;"druge.nezgode";11
"196";"M";"30-34";2014;"samomori";18
"197";"M";"30-34";2015;"transportne.nezgode";10
"198";"M";"30-34";2015;"padci";3
"199";"M";"30-34";2015;"druge.nezgode";11
"200";"M";"30-34";2015;"samomori";17
"201";"M";"30-34";2016;"transportne.nezgode";7
"202";"M";"30-34";2016;"padci";2
"203";"M";"30-34";2016;"druge.nezgode";14
"204";"M";"30-34";2016;"samomori";13
"205";"M";"30-34";2017;"transportne.nezgode";4
"206";"M";"30-34";2017;"padci";1
"207";"M";"30-34";2017;"druge.nezgode";9
"208";"M";"30-34";2017;"samomori";17
"209";"M";"30-34";2018;"transportne.nezgode";9
"210";"M";"30-34";2018;"padci";2
"211";"M";"30-34";2018;"druge.nezgode";7
"212";"M";"30-34";2018;"samomori";15
"213";"M";"30-34";2019;"transportne.nezgode";6
"214";"M";"30-34";2019;"padci";1
"215";"M";"30-34";2019;"druge.nezgode";8
"216";"M";"30-34";2019;"samomori";14
"217";"M";"30-34";2020;"transportne.nezgode";10
"218";"M";"30-34";2020;"padci";2
"219";"M";"30-34";2020;"druge.nezgode";5
"220";"M";"30-34";2020;"samomori";17
"221";"M";"35-39";2010;"transportne.nezgode";8
"222";"M";"35-39";2010;"padci";8
"223";"M";"35-39";2010;"druge.nezgode";11
"224";"M";"35-39";2010;"samomori";20
"225";"M";"35-39";2011;"transportne.nezgode";9
"226";"M";"35-39";2011;"padci";1
"227";"M";"35-39";2011;"druge.nezgode";12
"228";"M";"35-39";2011;"samomori";16
"229";"M";"35-39";2012;"transportne.nezgode";9
"230";"M";"35-39";2012;"padci";2
"231";"M";"35-39";2012;"druge.nezgode";14
"232";"M";"35-39";2012;"samomori";18
"233";"M";"35-39";2013;"transportne.nezgode";8
"234";"M";"35-39";2013;"padci";4
"235";"M";"35-39";2013;"druge.nezgode";13
"236";"M";"35-39";2013;"samomori";19
"237";"M";"35-39";2014;"transportne.nezgode";8
"238";"M";"35-39";2014;"padci";0
"239";"M";"35-39";2014;"druge.nezgode";10
"240";"M";"35-39";2014;"samomori";25
"241";"M";"35-39";2015;"transportne.nezgode";5
"242";"M";"35-39";2015;"padci";2
"243";"M";"35-39";2015;"druge.nezgode";19
"244";"M";"35-39";2015;"samomori";23
"245";"M";"35-39";2016;"transportne.nezgode";10
"246";"M";"35-39";2016;"padci";1
"247";"M";"35-39";2016;"druge.nezgode";12
"248";"M";"35-39";2016;"samomori";27
"249";"M";"35-39";2017;"transportne.nezgode";3
"250";"M";"35-39";2017;"padci";1
"251";"M";"35-39";2017;"druge.nezgode";13
"252";"M";"35-39";2017;"samomori";17
"253";"M";"35-39";2018;"transportne.nezgode";2
"254";"M";"35-39";2018;"padci";3
"255";"M";"35-39";2018;"druge.nezgode";13
"256";"M";"35-39";2018;"samomori";18
"257";"M";"35-39";2019;"transportne.nezgode";6
"258";"M";"35-39";2019;"padci";2
"259";"M";"35-39";2019;"druge.nezgode";13
"260";"M";"35-39";2019;"samomori";13
"261";"M";"35-39";2020;"transportne.nezgode";10
"262";"M";"35-39";2020;"padci";3
"263";"M";"35-39";2020;"druge.nezgode";6
"264";"M";"35-39";2020;"samomori";21
"265";"M";"40-44";2010;"transportne.nezgode";11
"266";"M";"40-44";2010;"padci";4
"267";"M";"40-44";2010;"druge.nezgode";15
"268";"M";"40-44";2010;"samomori";26
"269";"M";"40-44";2011;"transportne.nezgode";13
"270";"M";"40-44";2011;"padci";5
"271";"M";"40-44";2011;"druge.nezgode";17
"272";"M";"40-44";2011;"samomori";32
"273";"M";"40-44";2012;"transportne.nezgode";7
"274";"M";"40-44";2012;"padci";3
"275";"M";"40-44";2012;"druge.nezgode";7
"276";"M";"40-44";2012;"samomori";33
"277";"M";"40-44";2013;"transportne.nezgode";8
"278";"M";"40-44";2013;"padci";6
"279";"M";"40-44";2013;"druge.nezgode";7
"280";"M";"40-44";2013;"samomori";25
"281";"M";"40-44";2014;"transportne.nezgode";12
"282";"M";"40-44";2014;"padci";2
"283";"M";"40-44";2014;"druge.nezgode";6
"284";"M";"40-44";2014;"samomori";21
"285";"M";"40-44";2015;"transportne.nezgode";7
"286";"M";"40-44";2015;"padci";4
"287";"M";"40-44";2015;"druge.nezgode";13
"288";"M";"40-44";2015;"samomori";29
"289";"M";"40-44";2016;"transportne.nezgode";6
"290";"M";"40-44";2016;"padci";6
"291";"M";"40-44";2016;"druge.nezgode";16
"292";"M";"40-44";2016;"samomori";15
"293";"M";"40-44";2017;"transportne.nezgode";4
"294";"M";"40-44";2017;"padci";1
"295";"M";"40-44";2017;"druge.nezgode";15
"296";"M";"40-44";2017;"samomori";16
"297";"M";"40-44";2018;"transportne.nezgode";6
"298";"M";"40-44";2018;"padci";3
"299";"M";"40-44";2018;"druge.nezgode";16
"300";"M";"40-44";2018;"samomori";17
"301";"M";"40-44";2019;"transportne.nezgode";11
"302";"M";"40-44";2019;"padci";1
"303";"M";"40-44";2019;"druge.nezgode";6
"304";"M";"40-44";2019;"samomori";21
"305";"M";"40-44";2020;"transportne.nezgode";3
"306";"M";"40-44";2020;"padci";3
"307";"M";"40-44";2020;"druge.nezgode";16
"308";"M";"40-44";2020;"samomori";29
"309";"M";"45-49";2010;"transportne.nezgode";10
"310";"M";"45-49";2010;"padci";13
"311";"M";"45-49";2010;"druge.nezgode";19
"312";"M";"45-49";2010;"samomori";40
"313";"M";"45-49";2011;"transportne.nezgode";13
"314";"M";"45-49";2011;"padci";3
"315";"M";"45-49";2011;"druge.nezgode";17
"316";"M";"45-49";2011;"samomori";31
"317";"M";"45-49";2012;"transportne.nezgode";9
"318";"M";"45-49";2012;"padci";5
"319";"M";"45-49";2012;"druge.nezgode";16
"320";"M";"45-49";2012;"samomori";43
"321";"M";"45-49";2013;"transportne.nezgode";8
"322";"M";"45-49";2013;"padci";1
"323";"M";"45-49";2013;"druge.nezgode";10
"324";"M";"45-49";2013;"samomori";34
"325";"M";"45-49";2014;"transportne.nezgode";10
"326";"M";"45-49";2014;"padci";5
"327";"M";"45-49";2014;"druge.nezgode";12
"328";"M";"45-49";2014;"samomori";29
"329";"M";"45-49";2015;"transportne.nezgode";10
"330";"M";"45-49";2015;"padci";4
"331";"M";"45-49";2015;"druge.nezgode";18
"332";"M";"45-49";2015;"samomori";22
"333";"M";"45-49";2016;"transportne.nezgode";9
"334";"M";"45-49";2016;"padci";1
"335";"M";"45-49";2016;"druge.nezgode";10
"336";"M";"45-49";2016;"samomori";25
"337";"M";"45-49";2017;"transportne.nezgode";6
"338";"M";"45-49";2017;"padci";4
"339";"M";"45-49";2017;"druge.nezgode";15
"340";"M";"45-49";2017;"samomori";19
"341";"M";"45-49";2018;"transportne.nezgode";5
"342";"M";"45-49";2018;"padci";3
"343";"M";"45-49";2018;"druge.nezgode";11
"344";"M";"45-49";2018;"samomori";20
"345";"M";"45-49";2019;"transportne.nezgode";7
"346";"M";"45-49";2019;"padci";2
"347";"M";"45-49";2019;"druge.nezgode";12
"348";"M";"45-49";2019;"samomori";21
"349";"M";"45-49";2020;"transportne.nezgode";6
"350";"M";"45-49";2020;"padci";4
"351";"M";"45-49";2020;"druge.nezgode";9
"352";"M";"45-49";2020;"samomori";16
"353";"M";"50-54";2010;"transportne.nezgode";12
"354";"M";"50-54";2010;"padci";7
"355";"M";"50-54";2010;"druge.nezgode";33
"356";"M";"50-54";2010;"samomori";35
"357";"M";"50-54";2011;"transportne.nezgode";11
"358";"M";"50-54";2011;"padci";14
"359";"M";"50-54";2011;"druge.nezgode";30
"360";"M";"50-54";2011;"samomori";33
"361";"M";"50-54";2012;"transportne.nezgode";12
"362";"M";"50-54";2012;"padci";10
"363";"M";"50-54";2012;"druge.nezgode";30
"364";"M";"50-54";2012;"samomori";41
"365";"M";"50-54";2013;"transportne.nezgode";9
"366";"M";"50-54";2013;"padci";7
"367";"M";"50-54";2013;"druge.nezgode";18
"368";"M";"50-54";2013;"samomori";45
"369";"M";"50-54";2014;"transportne.nezgode";4
"370";"M";"50-54";2014;"padci";6
"371";"M";"50-54";2014;"druge.nezgode";16
"372";"M";"50-54";2014;"samomori";39
"373";"M";"50-54";2015;"transportne.nezgode";13
"374";"M";"50-54";2015;"padci";7
"375";"M";"50-54";2015;"druge.nezgode";20
"376";"M";"50-54";2015;"samomori";32
"377";"M";"50-54";2016;"transportne.nezgode";5
"378";"M";"50-54";2016;"padci";5
"379";"M";"50-54";2016;"druge.nezgode";18
"380";"M";"50-54";2016;"samomori";36
"381";"M";"50-54";2017;"transportne.nezgode";11
"382";"M";"50-54";2017;"padci";10
"383";"M";"50-54";2017;"druge.nezgode";11
"384";"M";"50-54";2017;"samomori";43
"385";"M";"50-54";2018;"transportne.nezgode";8
"386";"M";"50-54";2018;"padci";6
"387";"M";"50-54";2018;"druge.nezgode";21
"388";"M";"50-54";2018;"samomori";29
"389";"M";"50-54";2019;"transportne.nezgode";10
"390";"M";"50-54";2019;"padci";3
"391";"M";"50-54";2019;"druge.nezgode";11
"392";"M";"50-54";2019;"samomori";31
"393";"M";"50-54";2020;"transportne.nezgode";7
"394";"M";"50-54";2020;"padci";8
"395";"M";"50-54";2020;"druge.nezgode";14
"396";"M";"50-54";2020;"samomori";22
"397";"M";"55-59";2010;"transportne.nezgode";10
"398";"M";"55-59";2010;"padci";16
"399";"M";"55-59";2010;"druge.nezgode";38
"400";"M";"55-59";2010;"samomori";32
"401";"M";"55-59";2011;"transportne.nezgode";11
"402";"M";"55-59";2011;"padci";14
"403";"M";"55-59";2011;"druge.nezgode";30
"404";"M";"55-59";2011;"samomori";38
"405";"M";"55-59";2012;"transportne.nezgode";12
"406";"M";"55-59";2012;"padci";14
"407";"M";"55-59";2012;"druge.nezgode";24
"408";"M";"55-59";2012;"samomori";46
"409";"M";"55-59";2013;"transportne.nezgode";7
"410";"M";"55-59";2013;"padci";16
"411";"M";"55-59";2013;"druge.nezgode";24
"412";"M";"55-59";2013;"samomori";44
"413";"M";"55-59";2014;"transportne.nezgode";6
"414";"M";"55-59";2014;"padci";11
"415";"M";"55-59";2014;"druge.nezgode";13
"416";"M";"55-59";2014;"samomori";35
"417";"M";"55-59";2015;"transportne.nezgode";8
"418";"M";"55-59";2015;"padci";7
"419";"M";"55-59";2015;"druge.nezgode";18
"420";"M";"55-59";2015;"samomori";35
"421";"M";"55-59";2016;"transportne.nezgode";14
"422";"M";"55-59";2016;"padci";7
"423";"M";"55-59";2016;"druge.nezgode";21
"424";"M";"55-59";2016;"samomori";29
"425";"M";"55-59";2017;"transportne.nezgode";10
"426";"M";"55-59";2017;"padci";4
"427";"M";"55-59";2017;"druge.nezgode";15
"428";"M";"55-59";2017;"samomori";43
"429";"M";"55-59";2018;"transportne.nezgode";6
"430";"M";"55-59";2018;"padci";11
"431";"M";"55-59";2018;"druge.nezgode";17
"432";"M";"55-59";2018;"samomori";23
"433";"M";"55-59";2019;"transportne.nezgode";9
"434";"M";"55-59";2019;"padci";10
"435";"M";"55-59";2019;"druge.nezgode";25
"436";"M";"55-59";2019;"samomori";30
"437";"M";"55-59";2020;"transportne.nezgode";5
"438";"M";"55-59";2020;"padci";11
"439";"M";"55-59";2020;"druge.nezgode";12
"440";"M";"55-59";2020;"samomori";21
"441";"M";"60-64";2010;"transportne.nezgode";6
"442";"M";"60-64";2010;"padci";20
"443";"M";"60-64";2010;"druge.nezgode";30
"444";"M";"60-64";2010;"samomori";31
"445";"M";"60-64";2011;"transportne.nezgode";10
"446";"M";"60-64";2011;"padci";14
"447";"M";"60-64";2011;"druge.nezgode";33
"448";"M";"60-64";2011;"samomori";34
"449";"M";"60-64";2012;"transportne.nezgode";4
"450";"M";"60-64";2012;"padci";17
"451";"M";"60-64";2012;"druge.nezgode";29
"452";"M";"60-64";2012;"samomori";29
"453";"M";"60-64";2013;"transportne.nezgode";8
"454";"M";"60-64";2013;"padci";19
"455";"M";"60-64";2013;"druge.nezgode";21
"456";"M";"60-64";2013;"samomori";38
"457";"M";"60-64";2014;"transportne.nezgode";7
"458";"M";"60-64";2014;"padci";7
"459";"M";"60-64";2014;"druge.nezgode";19
"460";"M";"60-64";2014;"samomori";26
"461";"M";"60-64";2015;"transportne.nezgode";10
"462";"M";"60-64";2015;"padci";11
"463";"M";"60-64";2015;"druge.nezgode";25
"464";"M";"60-64";2015;"samomori";41
"465";"M";"60-64";2016;"transportne.nezgode";11
"466";"M";"60-64";2016;"padci";16
"467";"M";"60-64";2016;"druge.nezgode";24
"468";"M";"60-64";2016;"samomori";28
"469";"M";"60-64";2017;"transportne.nezgode";6
"470";"M";"60-64";2017;"padci";13
"471";"M";"60-64";2017;"druge.nezgode";17
"472";"M";"60-64";2017;"samomori";31
"473";"M";"60-64";2018;"transportne.nezgode";11
"474";"M";"60-64";2018;"padci";11
"475";"M";"60-64";2018;"druge.nezgode";24
"476";"M";"60-64";2018;"samomori";22
"477";"M";"60-64";2019;"transportne.nezgode";12
"478";"M";"60-64";2019;"padci";9
"479";"M";"60-64";2019;"druge.nezgode";19
"480";"M";"60-64";2019;"samomori";35
"481";"M";"60-64";2020;"transportne.nezgode";11
"482";"M";"60-64";2020;"padci";15
"483";"M";"60-64";2020;"druge.nezgode";12
"484";"M";"60-64";2020;"samomori";24
"485";"M";"65-69";2010;"transportne.nezgode";7
"486";"M";"65-69";2010;"padci";17
"487";"M";"65-69";2010;"druge.nezgode";22
"488";"M";"65-69";2010;"samomori";19
"489";"M";"65-69";2011;"transportne.nezgode";3
"490";"M";"65-69";2011;"padci";11
"491";"M";"65-69";2011;"druge.nezgode";27
"492";"M";"65-69";2011;"samomori";23
"493";"M";"65-69";2012;"transportne.nezgode";7
"494";"M";"65-69";2012;"padci";14
"495";"M";"65-69";2012;"druge.nezgode";19
"496";"M";"65-69";2012;"samomori";20
"497";"M";"65-69";2013;"transportne.nezgode";7
"498";"M";"65-69";2013;"padci";13
"499";"M";"65-69";2013;"druge.nezgode";16
"500";"M";"65-69";2013;"samomori";20
"501";"M";"65-69";2014;"transportne.nezgode";3
"502";"M";"65-69";2014;"padci";9
"503";"M";"65-69";2014;"druge.nezgode";19
"504";"M";"65-69";2014;"samomori";19
"505";"M";"65-69";2015;"transportne.nezgode";4
"506";"M";"65-69";2015;"padci";10
"507";"M";"65-69";2015;"druge.nezgode";18
"508";"M";"65-69";2015;"samomori";21
"509";"M";"65-69";2016;"transportne.nezgode";8
"510";"M";"65-69";2016;"padci";14
"511";"M";"65-69";2016;"druge.nezgode";24
"512";"M";"65-69";2016;"samomori";16
"513";"M";"65-69";2017;"transportne.nezgode";4
"514";"M";"65-69";2017;"padci";20
"515";"M";"65-69";2017;"druge.nezgode";10
"516";"M";"65-69";2017;"samomori";23
"517";"M";"65-69";2018;"transportne.nezgode";8
"518";"M";"65-69";2018;"padci";16
"519";"M";"65-69";2018;"druge.nezgode";22
"520";"M";"65-69";2018;"samomori";25
"521";"M";"65-69";2019;"transportne.nezgode";10
"522";"M";"65-69";2019;"padci";14
"523";"M";"65-69";2019;"druge.nezgode";20
"524";"M";"65-69";2019;"samomori";25
"525";"M";"65-69";2020;"transportne.nezgode";5
"526";"M";"65-69";2020;"padci";16
"527";"M";"65-69";2020;"druge.nezgode";20
"528";"M";"65-69";2020;"samomori";29
"529";"M";"70-74";2010;"transportne.nezgode";8
"530";"M";"70-74";2010;"padci";29
"531";"M";"70-74";2010;"druge.nezgode";22
"532";"M";"70-74";2010;"samomori";25
"533";"M";"70-74";2011;"transportne.nezgode";6
"534";"M";"70-74";2011;"padci";25
"535";"M";"70-74";2011;"druge.nezgode";29
"536";"M";"70-74";2011;"samomori";37
"537";"M";"70-74";2012;"transportne.nezgode";8
"538";"M";"70-74";2012;"padci";24
"539";"M";"70-74";2012;"druge.nezgode";27
"540";"M";"70-74";2012;"samomori";24
"541";"M";"70-74";2013;"transportne.nezgode";12
"542";"M";"70-74";2013;"padci";22
"543";"M";"70-74";2013;"druge.nezgode";27
"544";"M";"70-74";2013;"samomori";19
"545";"M";"70-74";2014;"transportne.nezgode";5
"546";"M";"70-74";2014;"padci";23
"547";"M";"70-74";2014;"druge.nezgode";17
"548";"M";"70-74";2014;"samomori";30
"549";"M";"70-74";2015;"transportne.nezgode";7
"550";"M";"70-74";2015;"padci";17
"551";"M";"70-74";2015;"druge.nezgode";16
"552";"M";"70-74";2015;"samomori";24
"553";"M";"70-74";2016;"transportne.nezgode";4
"554";"M";"70-74";2016;"padci";19
"555";"M";"70-74";2016;"druge.nezgode";21
"556";"M";"70-74";2016;"samomori";17
"557";"M";"70-74";2017;"transportne.nezgode";4
"558";"M";"70-74";2017;"padci";25
"559";"M";"70-74";2017;"druge.nezgode";20
"560";"M";"70-74";2017;"samomori";23
"561";"M";"70-74";2018;"transportne.nezgode";6
"562";"M";"70-74";2018;"padci";15
"563";"M";"70-74";2018;"druge.nezgode";23
"564";"M";"70-74";2018;"samomori";28
"565";"M";"70-74";2019;"transportne.nezgode";2
"566";"M";"70-74";2019;"padci";9
"567";"M";"70-74";2019;"druge.nezgode";22
"568";"M";"70-74";2019;"samomori";33
"569";"M";"70-74";2020;"transportne.nezgode";5
"570";"M";"70-74";2020;"padci";31
"571";"M";"70-74";2020;"druge.nezgode";22
"572";"M";"70-74";2020;"samomori";24
"573";"M";"75-79";2010;"transportne.nezgode";3
"574";"M";"75-79";2010;"padci";39
"575";"M";"75-79";2010;"druge.nezgode";9
"576";"M";"75-79";2010;"samomori";20
"577";"M";"75-79";2011;"transportne.nezgode";9
"578";"M";"75-79";2011;"padci";46
"579";"M";"75-79";2011;"druge.nezgode";29
"580";"M";"75-79";2011;"samomori";19
"581";"M";"75-79";2012;"transportne.nezgode";2
"582";"M";"75-79";2012;"padci";28
"583";"M";"75-79";2012;"druge.nezgode";33
"584";"M";"75-79";2012;"samomori";28
"585";"M";"75-79";2013;"transportne.nezgode";6
"586";"M";"75-79";2013;"padci";33
"587";"M";"75-79";2013;"druge.nezgode";16
"588";"M";"75-79";2013;"samomori";25
"589";"M";"75-79";2014;"transportne.nezgode";12
"590";"M";"75-79";2014;"padci";16
"591";"M";"75-79";2014;"druge.nezgode";11
"592";"M";"75-79";2014;"samomori";24
"593";"M";"75-79";2015;"transportne.nezgode";5
"594";"M";"75-79";2015;"padci";28
"595";"M";"75-79";2015;"druge.nezgode";22
"596";"M";"75-79";2015;"samomori";22
"597";"M";"75-79";2016;"transportne.nezgode";5
"598";"M";"75-79";2016;"padci";23
"599";"M";"75-79";2016;"druge.nezgode";24
"600";"M";"75-79";2016;"samomori";24
"601";"M";"75-79";2017;"transportne.nezgode";4
"602";"M";"75-79";2017;"padci";33
"603";"M";"75-79";2017;"druge.nezgode";23
"604";"M";"75-79";2017;"samomori";16
"605";"M";"75-79";2018;"transportne.nezgode";4
"606";"M";"75-79";2018;"padci";24
"607";"M";"75-79";2018;"druge.nezgode";23
"608";"M";"75-79";2018;"samomori";20
"609";"M";"75-79";2019;"transportne.nezgode";6
"610";"M";"75-79";2019;"padci";39
"611";"M";"75-79";2019;"druge.nezgode";22
"612";"M";"75-79";2019;"samomori";28
"613";"M";"75-79";2020;"transportne.nezgode";3
"614";"M";"75-79";2020;"padci";49
"615";"M";"75-79";2020;"druge.nezgode";14
"616";"M";"75-79";2020;"samomori";27
"617";"M";"80+";2010;"transportne.nezgode";9
"618";"M";"80+";2010;"padci";94
"619";"M";"80+";2010;"druge.nezgode";31
"620";"M";"80+";2010;"samomori";29
"621";"M";"80+";2011;"transportne.nezgode";7
"622";"M";"80+";2011;"padci";110
"623";"M";"80+";2011;"druge.nezgode";46
"624";"M";"80+";2011;"samomori";37
"625";"M";"80+";2012;"transportne.nezgode";6
"626";"M";"80+";2012;"padci";97
"627";"M";"80+";2012;"druge.nezgode";41
"628";"M";"80+";2012;"samomori";32
"629";"M";"80+";2013;"transportne.nezgode";8
"630";"M";"80+";2013;"padci";115
"631";"M";"80+";2013;"druge.nezgode";19
"632";"M";"80+";2013;"samomori";32
"633";"M";"80+";2014;"transportne.nezgode";6
"634";"M";"80+";2014;"padci";98
"635";"M";"80+";2014;"druge.nezgode";24
"636";"M";"80+";2014;"samomori";27
"637";"M";"80+";2015;"transportne.nezgode";3
"638";"M";"80+";2015;"padci";123
"639";"M";"80+";2015;"druge.nezgode";30
"640";"M";"80+";2015;"samomori";40
"641";"M";"80+";2016;"transportne.nezgode";7
"642";"M";"80+";2016;"padci";128
"643";"M";"80+";2016;"druge.nezgode";40
"644";"M";"80+";2016;"samomori";29
"645";"M";"80+";2017;"transportne.nezgode";8
"646";"M";"80+";2017;"padci";178
"647";"M";"80+";2017;"druge.nezgode";36
"648";"M";"80+";2017;"samomori";54
"649";"M";"80+";2018;"transportne.nezgode";7
"650";"M";"80+";2018;"padci";172
"651";"M";"80+";2018;"druge.nezgode";20
"652";"M";"80+";2018;"samomori";32
"653";"M";"80+";2019;"transportne.nezgode";6
"654";"M";"80+";2019;"padci";179
"655";"M";"80+";2019;"druge.nezgode";32
"656";"M";"80+";2019;"samomori";33
"657";"M";"80+";2020;"transportne.nezgode";10
"658";"M";"80+";2020;"padci";228
"659";"M";"80+";2020;"druge.nezgode";40
"660";"M";"80+";2020;"samomori";48
"661";"Z";"0-9";2010;"transportne.nezgode";1
"662";"Z";"0-9";2010;"padci";2
"663";"Z";"0-9";2010;"druge.nezgode";1
"664";"Z";"0-9";2010;"samomori";0
"665";"Z";"0-9";2011;"transportne.nezgode";2
"666";"Z";"0-9";2011;"padci";0
"667";"Z";"0-9";2011;"druge.nezgode";0
"668";"Z";"0-9";2011;"samomori";0
"669";"Z";"0-9";2012;"transportne.nezgode";0
"670";"Z";"0-9";2012;"padci";0
"671";"Z";"0-9";2012;"druge.nezgode";0
"672";"Z";"0-9";2012;"samomori";0
"673";"Z";"0-9";2013;"transportne.nezgode";1
"674";"Z";"0-9";2013;"padci";0
"675";"Z";"0-9";2013;"druge.nezgode";0
"676";"Z";"0-9";2013;"samomori";0
"677";"Z";"0-9";2014;"transportne.nezgode";1
"678";"Z";"0-9";2014;"padci";0
"679";"Z";"0-9";2014;"druge.nezgode";0
"680";"Z";"0-9";2014;"samomori";0
"681";"Z";"0-9";2015;"transportne.nezgode";1
"682";"Z";"0-9";2015;"padci";0
"683";"Z";"0-9";2015;"druge.nezgode";2
"684";"Z";"0-9";2015;"samomori";0
"685";"Z";"0-9";2016;"transportne.nezgode";0
"686";"Z";"0-9";2016;"padci";1
"687";"Z";"0-9";2016;"druge.nezgode";2
"688";"Z";"0-9";2016;"samomori";0
"689";"Z";"0-9";2017;"transportne.nezgode";1
"690";"Z";"0-9";2017;"padci";0
"691";"Z";"0-9";2017;"druge.nezgode";1
"692";"Z";"0-9";2017;"samomori";0
"693";"Z";"0-9";2018;"transportne.nezgode";0
"694";"Z";"0-9";2018;"padci";0
"695";"Z";"0-9";2018;"druge.nezgode";1
"696";"Z";"0-9";2018;"samomori";0
"697";"Z";"0-9";2019;"transportne.nezgode";0
"698";"Z";"0-9";2019;"padci";0
"699";"Z";"0-9";2019;"druge.nezgode";2
"700";"Z";"0-9";2019;"samomori";0
"701";"Z";"0-9";2020;"transportne.nezgode";2
"702";"Z";"0-9";2020;"padci";0
"703";"Z";"0-9";2020;"druge.nezgode";0
"704";"Z";"0-9";2020;"samomori";0
"705";"Z";"10-19";2010;"transportne.nezgode";2
"706";"Z";"10-19";2010;"padci";0
"707";"Z";"10-19";2010;"druge.nezgode";0
"708";"Z";"10-19";2010;"samomori";1
"709";"Z";"10-19";2011;"transportne.nezgode";0
"710";"Z";"10-19";2011;"padci";1
"711";"Z";"10-19";2011;"druge.nezgode";2
"712";"Z";"10-19";2011;"samomori";0
"713";"Z";"10-19";2012;"transportne.nezgode";5
"714";"Z";"10-19";2012;"padci";1
"715";"Z";"10-19";2012;"druge.nezgode";1
"716";"Z";"10-19";2012;"samomori";2
"717";"Z";"10-19";2013;"transportne.nezgode";5
"718";"Z";"10-19";2013;"padci";0
"719";"Z";"10-19";2013;"druge.nezgode";0
"720";"Z";"10-19";2013;"samomori";1
"721";"Z";"10-19";2014;"transportne.nezgode";3
"722";"Z";"10-19";2014;"padci";0
"723";"Z";"10-19";2014;"druge.nezgode";0
"724";"Z";"10-19";2014;"samomori";0
"725";"Z";"10-19";2015;"transportne.nezgode";0
"726";"Z";"10-19";2015;"padci";0
"727";"Z";"10-19";2015;"druge.nezgode";1
"728";"Z";"10-19";2015;"samomori";2
"729";"Z";"10-19";2016;"transportne.nezgode";2
"730";"Z";"10-19";2016;"padci";0
"731";"Z";"10-19";2016;"druge.nezgode";2
"732";"Z";"10-19";2016;"samomori";3
"733";"Z";"10-19";2017;"transportne.nezgode";5
"734";"Z";"10-19";2017;"padci";0
"735";"Z";"10-19";2017;"druge.nezgode";0
"736";"Z";"10-19";2017;"samomori";0
"737";"Z";"10-19";2018;"transportne.nezgode";1
"738";"Z";"10-19";2018;"padci";0
"739";"Z";"10-19";2018;"druge.nezgode";0
"740";"Z";"10-19";2018;"samomori";3
"741";"Z";"10-19";2019;"transportne.nezgode";1
"742";"Z";"10-19";2019;"padci";1
"743";"Z";"10-19";2019;"druge.nezgode";0
"744";"Z";"10-19";2019;"samomori";2
"745";"Z";"10-19";2020;"transportne.nezgode";2
"746";"Z";"10-19";2020;"padci";0
"747";"Z";"10-19";2020;"druge.nezgode";0
"748";"Z";"10-19";2020;"samomori";2
"749";"Z";"20-24";2010;"transportne.nezgode";2
"750";"Z";"20-24";2010;"padci";0
"751";"Z";"20-24";2010;"druge.nezgode";1
"752";"Z";"20-24";2010;"samomori";0
"753";"Z";"20-24";2011;"transportne.nezgode";4
"754";"Z";"20-24";2011;"padci";0
"755";"Z";"20-24";2011;"druge.nezgode";1
"756";"Z";"20-24";2011;"samomori";1
"757";"Z";"20-24";2012;"transportne.nezgode";2
"758";"Z";"20-24";2012;"padci";0
"759";"Z";"20-24";2012;"druge.nezgode";1
"760";"Z";"20-24";2012;"samomori";0
"761";"Z";"20-24";2013;"transportne.nezgode";3
"762";"Z";"20-24";2013;"padci";0
"763";"Z";"20-24";2013;"druge.nezgode";0
"764";"Z";"20-24";2013;"samomori";1
"765";"Z";"20-24";2014;"transportne.nezgode";4
"766";"Z";"20-24";2014;"padci";0
"767";"Z";"20-24";2014;"druge.nezgode";1
"768";"Z";"20-24";2014;"samomori";3
"769";"Z";"20-24";2015;"transportne.nezgode";3
"770";"Z";"20-24";2015;"padci";0
"771";"Z";"20-24";2015;"druge.nezgode";2
"772";"Z";"20-24";2015;"samomori";1
"773";"Z";"20-24";2016;"transportne.nezgode";1
"774";"Z";"20-24";2016;"padci";0
"775";"Z";"20-24";2016;"druge.nezgode";1
"776";"Z";"20-24";2016;"samomori";0
"777";"Z";"20-24";2017;"transportne.nezgode";2
"778";"Z";"20-24";2017;"padci";0
"779";"Z";"20-24";2017;"druge.nezgode";2
"780";"Z";"20-24";2017;"samomori";4
"781";"Z";"20-24";2018;"transportne.nezgode";2
"782";"Z";"20-24";2018;"padci";0
"783";"Z";"20-24";2018;"druge.nezgode";0
"784";"Z";"20-24";2018;"samomori";0
"785";"Z";"20-24";2019;"transportne.nezgode";0
"786";"Z";"20-24";2019;"padci";0
"787";"Z";"20-24";2019;"druge.nezgode";0
"788";"Z";"20-24";2019;"samomori";1
"789";"Z";"20-24";2020;"transportne.nezgode";1
"790";"Z";"20-24";2020;"padci";0
"791";"Z";"20-24";2020;"druge.nezgode";2
"792";"Z";"20-24";2020;"samomori";1
"793";"Z";"25-29";2010;"transportne.nezgode";0
"794";"Z";"25-29";2010;"padci";0
"795";"Z";"25-29";2010;"druge.nezgode";0
"796";"Z";"25-29";2010;"samomori";3
"797";"Z";"25-29";2011;"transportne.nezgode";3
"798";"Z";"25-29";2011;"padci";0
"799";"Z";"25-29";2011;"druge.nezgode";0
"800";"Z";"25-29";2011;"samomori";2
"801";"Z";"25-29";2012;"transportne.nezgode";0
"802";"Z";"25-29";2012;"padci";1
"803";"Z";"25-29";2012;"druge.nezgode";0
"804";"Z";"25-29";2012;"samomori";7
"805";"Z";"25-29";2013;"transportne.nezgode";2
"806";"Z";"25-29";2013;"padci";0
"807";"Z";"25-29";2013;"druge.nezgode";2
"808";"Z";"25-29";2013;"samomori";4
"809";"Z";"25-29";2014;"transportne.nezgode";0
"810";"Z";"25-29";2014;"padci";0
"811";"Z";"25-29";2014;"druge.nezgode";1
"812";"Z";"25-29";2014;"samomori";1
"813";"Z";"25-29";2015;"transportne.nezgode";0
"814";"Z";"25-29";2015;"padci";0
"815";"Z";"25-29";2015;"druge.nezgode";2
"816";"Z";"25-29";2015;"samomori";2
"817";"Z";"25-29";2016;"transportne.nezgode";2
"818";"Z";"25-29";2016;"padci";2
"819";"Z";"25-29";2016;"druge.nezgode";1
"820";"Z";"25-29";2016;"samomori";0
"821";"Z";"25-29";2017;"transportne.nezgode";4
"822";"Z";"25-29";2017;"padci";0
"823";"Z";"25-29";2017;"druge.nezgode";0
"824";"Z";"25-29";2017;"samomori";2
"825";"Z";"25-29";2018;"transportne.nezgode";2
"826";"Z";"25-29";2018;"padci";0
"827";"Z";"25-29";2018;"druge.nezgode";1
"828";"Z";"25-29";2018;"samomori";3
"829";"Z";"25-29";2019;"transportne.nezgode";0
"830";"Z";"25-29";2019;"padci";2
"831";"Z";"25-29";2019;"druge.nezgode";0
"832";"Z";"25-29";2019;"samomori";2
"833";"Z";"25-29";2020;"transportne.nezgode";2
"834";"Z";"25-29";2020;"padci";1
"835";"Z";"25-29";2020;"druge.nezgode";1
"836";"Z";"25-29";2020;"samomori";1
"837";"Z";"30-34";2010;"transportne.nezgode";1
"838";"Z";"30-34";2010;"padci";0
"839";"Z";"30-34";2010;"druge.nezgode";5
"840";"Z";"30-34";2010;"samomori";2
"841";"Z";"30-34";2011;"transportne.nezgode";0
"842";"Z";"30-34";2011;"padci";0
"843";"Z";"30-34";2011;"druge.nezgode";1
"844";"Z";"30-34";2011;"samomori";5
"845";"Z";"30-34";2012;"transportne.nezgode";1
"846";"Z";"30-34";2012;"padci";0
"847";"Z";"30-34";2012;"druge.nezgode";1
"848";"Z";"30-34";2012;"samomori";2
"849";"Z";"30-34";2013;"transportne.nezgode";1
"850";"Z";"30-34";2013;"padci";0
"851";"Z";"30-34";2013;"druge.nezgode";2
"852";"Z";"30-34";2013;"samomori";4
"853";"Z";"30-34";2014;"transportne.nezgode";1
"854";"Z";"30-34";2014;"padci";1
"855";"Z";"30-34";2014;"druge.nezgode";3
"856";"Z";"30-34";2014;"samomori";2
"857";"Z";"30-34";2015;"transportne.nezgode";0
"858";"Z";"30-34";2015;"padci";0
"859";"Z";"30-34";2015;"druge.nezgode";1
"860";"Z";"30-34";2015;"samomori";3
"861";"Z";"30-34";2016;"transportne.nezgode";1
"862";"Z";"30-34";2016;"padci";0
"863";"Z";"30-34";2016;"druge.nezgode";4
"864";"Z";"30-34";2016;"samomori";4
"865";"Z";"30-34";2017;"transportne.nezgode";1
"866";"Z";"30-34";2017;"padci";1
"867";"Z";"30-34";2017;"druge.nezgode";1
"868";"Z";"30-34";2017;"samomori";2
"869";"Z";"30-34";2018;"transportne.nezgode";2
"870";"Z";"30-34";2018;"padci";0
"871";"Z";"30-34";2018;"druge.nezgode";0
"872";"Z";"30-34";2018;"samomori";3
"873";"Z";"30-34";2019;"transportne.nezgode";0
"874";"Z";"30-34";2019;"padci";0
"875";"Z";"30-34";2019;"druge.nezgode";0
"876";"Z";"30-34";2019;"samomori";4
"877";"Z";"30-34";2020;"transportne.nezgode";0
"878";"Z";"30-34";2020;"padci";0
"879";"Z";"30-34";2020;"druge.nezgode";1
"880";"Z";"30-34";2020;"samomori";1
"881";"Z";"35-39";2010;"transportne.nezgode";0
"882";"Z";"35-39";2010;"padci";0
"883";"Z";"35-39";2010;"druge.nezgode";1
"884";"Z";"35-39";2010;"samomori";3
"885";"Z";"35-39";2011;"transportne.nezgode";4
"886";"Z";"35-39";2011;"padci";0
"887";"Z";"35-39";2011;"druge.nezgode";3
"888";"Z";"35-39";2011;"samomori";4
"889";"Z";"35-39";2012;"transportne.nezgode";0
"890";"Z";"35-39";2012;"padci";1
"891";"Z";"35-39";2012;"druge.nezgode";1
"892";"Z";"35-39";2012;"samomori";5
"893";"Z";"35-39";2013;"transportne.nezgode";1
"894";"Z";"35-39";2013;"padci";0
"895";"Z";"35-39";2013;"druge.nezgode";1
"896";"Z";"35-39";2013;"samomori";0
"897";"Z";"35-39";2014;"transportne.nezgode";2
"898";"Z";"35-39";2014;"padci";1
"899";"Z";"35-39";2014;"druge.nezgode";1
"900";"Z";"35-39";2014;"samomori";4
"901";"Z";"35-39";2015;"transportne.nezgode";0
"902";"Z";"35-39";2015;"padci";0
"903";"Z";"35-39";2015;"druge.nezgode";1
"904";"Z";"35-39";2015;"samomori";6
"905";"Z";"35-39";2016;"transportne.nezgode";2
"906";"Z";"35-39";2016;"padci";1
"907";"Z";"35-39";2016;"druge.nezgode";1
"908";"Z";"35-39";2016;"samomori";4
"909";"Z";"35-39";2017;"transportne.nezgode";1
"910";"Z";"35-39";2017;"padci";0
"911";"Z";"35-39";2017;"druge.nezgode";1
"912";"Z";"35-39";2017;"samomori";0
"913";"Z";"35-39";2018;"transportne.nezgode";0
"914";"Z";"35-39";2018;"padci";0
"915";"Z";"35-39";2018;"druge.nezgode";0
"916";"Z";"35-39";2018;"samomori";3
"917";"Z";"35-39";2019;"transportne.nezgode";0
"918";"Z";"35-39";2019;"padci";0
"919";"Z";"35-39";2019;"druge.nezgode";1
"920";"Z";"35-39";2019;"samomori";10
"921";"Z";"35-39";2020;"transportne.nezgode";0
"922";"Z";"35-39";2020;"padci";0
"923";"Z";"35-39";2020;"druge.nezgode";3
"924";"Z";"35-39";2020;"samomori";5
"925";"Z";"40-44";2010;"transportne.nezgode";5
"926";"Z";"40-44";2010;"padci";0
"927";"Z";"40-44";2010;"druge.nezgode";6
"928";"Z";"40-44";2010;"samomori";6
"929";"Z";"40-44";2011;"transportne.nezgode";3
"930";"Z";"40-44";2011;"padci";1
"931";"Z";"40-44";2011;"druge.nezgode";4
"932";"Z";"40-44";2011;"samomori";5
"933";"Z";"40-44";2012;"transportne.nezgode";1
"934";"Z";"40-44";2012;"padci";0
"935";"Z";"40-44";2012;"druge.nezgode";4
"936";"Z";"40-44";2012;"samomori";3
"937";"Z";"40-44";2013;"transportne.nezgode";1
"938";"Z";"40-44";2013;"padci";1
"939";"Z";"40-44";2013;"druge.nezgode";3
"940";"Z";"40-44";2013;"samomori";7
"941";"Z";"40-44";2014;"transportne.nezgode";0
"942";"Z";"40-44";2014;"padci";0
"943";"Z";"40-44";2014;"druge.nezgode";2
"944";"Z";"40-44";2014;"samomori";2
"945";"Z";"40-44";2015;"transportne.nezgode";0
"946";"Z";"40-44";2015;"padci";0
"947";"Z";"40-44";2015;"druge.nezgode";3
"948";"Z";"40-44";2015;"samomori";3
"949";"Z";"40-44";2016;"transportne.nezgode";1
"950";"Z";"40-44";2016;"padci";0
"951";"Z";"40-44";2016;"druge.nezgode";0
"952";"Z";"40-44";2016;"samomori";4
"953";"Z";"40-44";2017;"transportne.nezgode";1
"954";"Z";"40-44";2017;"padci";2
"955";"Z";"40-44";2017;"druge.nezgode";1
"956";"Z";"40-44";2017;"samomori";4
"957";"Z";"40-44";2018;"transportne.nezgode";1
"958";"Z";"40-44";2018;"padci";0
"959";"Z";"40-44";2018;"druge.nezgode";3
"960";"Z";"40-44";2018;"samomori";9
"961";"Z";"40-44";2019;"transportne.nezgode";2
"962";"Z";"40-44";2019;"padci";1
"963";"Z";"40-44";2019;"druge.nezgode";2
"964";"Z";"40-44";2019;"samomori";2
"965";"Z";"40-44";2020;"transportne.nezgode";0
"966";"Z";"40-44";2020;"padci";0
"967";"Z";"40-44";2020;"druge.nezgode";2
"968";"Z";"40-44";2020;"samomori";2
"969";"Z";"45-49";2010;"transportne.nezgode";3
"970";"Z";"45-49";2010;"padci";2
"971";"Z";"45-49";2010;"druge.nezgode";4
"972";"Z";"45-49";2010;"samomori";2
"973";"Z";"45-49";2011;"transportne.nezgode";2
"974";"Z";"45-49";2011;"padci";1
"975";"Z";"45-49";2011;"druge.nezgode";5
"976";"Z";"45-49";2011;"samomori";14
"977";"Z";"45-49";2012;"transportne.nezgode";3
"978";"Z";"45-49";2012;"padci";2
"979";"Z";"45-49";2012;"druge.nezgode";6
"980";"Z";"45-49";2012;"samomori";3
"981";"Z";"45-49";2013;"transportne.nezgode";2
"982";"Z";"45-49";2013;"padci";0
"983";"Z";"45-49";2013;"druge.nezgode";8
"984";"Z";"45-49";2013;"samomori";5
"985";"Z";"45-49";2014;"transportne.nezgode";7
"986";"Z";"45-49";2014;"padci";1
"987";"Z";"45-49";2014;"druge.nezgode";2
"988";"Z";"45-49";2014;"samomori";4
"989";"Z";"45-49";2015;"transportne.nezgode";2
"990";"Z";"45-49";2015;"padci";2
"991";"Z";"45-49";2015;"druge.nezgode";3
"992";"Z";"45-49";2015;"samomori";12
"993";"Z";"45-49";2016;"transportne.nezgode";2
"994";"Z";"45-49";2016;"padci";0
"995";"Z";"45-49";2016;"druge.nezgode";0
"996";"Z";"45-49";2016;"samomori";5
"997";"Z";"45-49";2017;"transportne.nezgode";1
"998";"Z";"45-49";2017;"padci";1
"999";"Z";"45-49";2017;"druge.nezgode";6
"1000";"Z";"45-49";2017;"samomori";4
"1001";"Z";"45-49";2018;"transportne.nezgode";0
"1002";"Z";"45-49";2018;"padci";0
"1003";"Z";"45-49";2018;"druge.nezgode";2
"1004";"Z";"45-49";2018;"samomori";4
"1005";"Z";"45-49";2019;"transportne.nezgode";2
"1006";"Z";"45-49";2019;"padci";0
"1007";"Z";"45-49";2019;"druge.nezgode";5
"1008";"Z";"45-49";2019;"samomori";9
"1009";"Z";"45-49";2020;"transportne.nezgode";1
"1010";"Z";"45-49";2020;"padci";0
"1011";"Z";"45-49";2020;"druge.nezgode";2
"1012";"Z";"45-49";2020;"samomori";7
"1013";"Z";"50-54";2010;"transportne.nezgode";2
"1014";"Z";"50-54";2010;"padci";2
"1015";"Z";"50-54";2010;"druge.nezgode";3
"1016";"Z";"50-54";2010;"samomori";15
"1017";"Z";"50-54";2011;"transportne.nezgode";3
"1018";"Z";"50-54";2011;"padci";2
"1019";"Z";"50-54";2011;"druge.nezgode";5
"1020";"Z";"50-54";2011;"samomori";7
"1021";"Z";"50-54";2012;"transportne.nezgode";3
"1022";"Z";"50-54";2012;"padci";1
"1023";"Z";"50-54";2012;"druge.nezgode";4
"1024";"Z";"50-54";2012;"samomori";8
"1025";"Z";"50-54";2013;"transportne.nezgode";2
"1026";"Z";"50-54";2013;"padci";1
"1027";"Z";"50-54";2013;"druge.nezgode";6
"1028";"Z";"50-54";2013;"samomori";7
"1029";"Z";"50-54";2014;"transportne.nezgode";1
"1030";"Z";"50-54";2014;"padci";2
"1031";"Z";"50-54";2014;"druge.nezgode";0
"1032";"Z";"50-54";2014;"samomori";11
"1033";"Z";"50-54";2015;"transportne.nezgode";1
"1034";"Z";"50-54";2015;"padci";1
"1035";"Z";"50-54";2015;"druge.nezgode";6
"1036";"Z";"50-54";2015;"samomori";4
"1037";"Z";"50-54";2016;"transportne.nezgode";1
"1038";"Z";"50-54";2016;"padci";0
"1039";"Z";"50-54";2016;"druge.nezgode";4
"1040";"Z";"50-54";2016;"samomori";11
"1041";"Z";"50-54";2017;"transportne.nezgode";1
"1042";"Z";"50-54";2017;"padci";1
"1043";"Z";"50-54";2017;"druge.nezgode";5
"1044";"Z";"50-54";2017;"samomori";11
"1045";"Z";"50-54";2018;"transportne.nezgode";1
"1046";"Z";"50-54";2018;"padci";0
"1047";"Z";"50-54";2018;"druge.nezgode";3
"1048";"Z";"50-54";2018;"samomori";8
"1049";"Z";"50-54";2019;"transportne.nezgode";1
"1050";"Z";"50-54";2019;"padci";1
"1051";"Z";"50-54";2019;"druge.nezgode";6
"1052";"Z";"50-54";2019;"samomori";8
"1053";"Z";"50-54";2020;"transportne.nezgode";2
"1054";"Z";"50-54";2020;"padci";0
"1055";"Z";"50-54";2020;"druge.nezgode";5
"1056";"Z";"50-54";2020;"samomori";2
"1057";"Z";"55-59";2010;"transportne.nezgode";4
"1058";"Z";"55-59";2010;"padci";4
"1059";"Z";"55-59";2010;"druge.nezgode";8
"1060";"Z";"55-59";2010;"samomori";9
"1061";"Z";"55-59";2011;"transportne.nezgode";1
"1062";"Z";"55-59";2011;"padci";4
"1063";"Z";"55-59";2011;"druge.nezgode";14
"1064";"Z";"55-59";2011;"samomori";5
"1065";"Z";"55-59";2012;"transportne.nezgode";4
"1066";"Z";"55-59";2012;"padci";1
"1067";"Z";"55-59";2012;"druge.nezgode";10
"1068";"Z";"55-59";2012;"samomori";12
"1069";"Z";"55-59";2013;"transportne.nezgode";3
"1070";"Z";"55-59";2013;"padci";4
"1071";"Z";"55-59";2013;"druge.nezgode";8
"1072";"Z";"55-59";2013;"samomori";8
"1073";"Z";"55-59";2014;"transportne.nezgode";3
"1074";"Z";"55-59";2014;"padci";1
"1075";"Z";"55-59";2014;"druge.nezgode";4
"1076";"Z";"55-59";2014;"samomori";4
"1077";"Z";"55-59";2015;"transportne.nezgode";2
"1078";"Z";"55-59";2015;"padci";1
"1079";"Z";"55-59";2015;"druge.nezgode";2
"1080";"Z";"55-59";2015;"samomori";4
"1081";"Z";"55-59";2016;"transportne.nezgode";3
"1082";"Z";"55-59";2016;"padci";3
"1083";"Z";"55-59";2016;"druge.nezgode";8
"1084";"Z";"55-59";2016;"samomori";9
"1085";"Z";"55-59";2017;"transportne.nezgode";1
"1086";"Z";"55-59";2017;"padci";1
"1087";"Z";"55-59";2017;"druge.nezgode";3
"1088";"Z";"55-59";2017;"samomori";11
"1089";"Z";"55-59";2018;"transportne.nezgode";0
"1090";"Z";"55-59";2018;"padci";0
"1091";"Z";"55-59";2018;"druge.nezgode";5
"1092";"Z";"55-59";2018;"samomori";8
"1093";"Z";"55-59";2019;"transportne.nezgode";0
"1094";"Z";"55-59";2019;"padci";2
"1095";"Z";"55-59";2019;"druge.nezgode";4
"1096";"Z";"55-59";2019;"samomori";4
"1097";"Z";"55-59";2020;"transportne.nezgode";3
"1098";"Z";"55-59";2020;"padci";0
"1099";"Z";"55-59";2020;"druge.nezgode";2
"1100";"Z";"55-59";2020;"samomori";5
"1101";"Z";"60-64";2010;"transportne.nezgode";0
"1102";"Z";"60-64";2010;"padci";4
"1103";"Z";"60-64";2010;"druge.nezgode";2
"1104";"Z";"60-64";2010;"samomori";14
"1105";"Z";"60-64";2011;"transportne.nezgode";1
"1106";"Z";"60-64";2011;"padci";1
"1107";"Z";"60-64";2011;"druge.nezgode";12
"1108";"Z";"60-64";2011;"samomori";11
"1109";"Z";"60-64";2012;"transportne.nezgode";4
"1110";"Z";"60-64";2012;"padci";1
"1111";"Z";"60-64";2012;"druge.nezgode";10
"1112";"Z";"60-64";2012;"samomori";7
"1113";"Z";"60-64";2013;"transportne.nezgode";2
"1114";"Z";"60-64";2013;"padci";3
"1115";"Z";"60-64";2013;"druge.nezgode";6
"1116";"Z";"60-64";2013;"samomori";10
"1117";"Z";"60-64";2014;"transportne.nezgode";3
"1118";"Z";"60-64";2014;"padci";2
"1119";"Z";"60-64";2014;"druge.nezgode";6
"1120";"Z";"60-64";2014;"samomori";6
"1121";"Z";"60-64";2015;"transportne.nezgode";1
"1122";"Z";"60-64";2015;"padci";1
"1123";"Z";"60-64";2015;"druge.nezgode";4
"1124";"Z";"60-64";2015;"samomori";16
"1125";"Z";"60-64";2016;"transportne.nezgode";2
"1126";"Z";"60-64";2016;"padci";4
"1127";"Z";"60-64";2016;"druge.nezgode";8
"1128";"Z";"60-64";2016;"samomori";1
"1129";"Z";"60-64";2017;"transportne.nezgode";0
"1130";"Z";"60-64";2017;"padci";3
"1131";"Z";"60-64";2017;"druge.nezgode";4
"1132";"Z";"60-64";2017;"samomori";12
"1133";"Z";"60-64";2018;"transportne.nezgode";2
"1134";"Z";"60-64";2018;"padci";4
"1135";"Z";"60-64";2018;"druge.nezgode";11
"1136";"Z";"60-64";2018;"samomori";8
"1137";"Z";"60-64";2019;"transportne.nezgode";2
"1138";"Z";"60-64";2019;"padci";3
"1139";"Z";"60-64";2019;"druge.nezgode";3
"1140";"Z";"60-64";2019;"samomori";7
"1141";"Z";"60-64";2020;"transportne.nezgode";2
"1142";"Z";"60-64";2020;"padci";4
"1143";"Z";"60-64";2020;"druge.nezgode";4
"1144";"Z";"60-64";2020;"samomori";6
"1145";"Z";"65-69";2010;"transportne.nezgode";5
"1146";"Z";"65-69";2010;"padci";4
"1147";"Z";"65-69";2010;"druge.nezgode";14
"1148";"Z";"65-69";2010;"samomori";4
"1149";"Z";"65-69";2011;"transportne.nezgode";0
"1150";"Z";"65-69";2011;"padci";3
"1151";"Z";"65-69";2011;"druge.nezgode";21
"1152";"Z";"65-69";2011;"samomori";8
"1153";"Z";"65-69";2012;"transportne.nezgode";1
"1154";"Z";"65-69";2012;"padci";3
"1155";"Z";"65-69";2012;"druge.nezgode";7
"1156";"Z";"65-69";2012;"samomori";13
"1157";"Z";"65-69";2013;"transportne.nezgode";2
"1158";"Z";"65-69";2013;"padci";5
"1159";"Z";"65-69";2013;"druge.nezgode";10
"1160";"Z";"65-69";2013;"samomori";10
"1161";"Z";"65-69";2014;"transportne.nezgode";2
"1162";"Z";"65-69";2014;"padci";2
"1163";"Z";"65-69";2014;"druge.nezgode";7
"1164";"Z";"65-69";2014;"samomori";1
"1165";"Z";"65-69";2015;"transportne.nezgode";3
"1166";"Z";"65-69";2015;"padci";3
"1167";"Z";"65-69";2015;"druge.nezgode";6
"1168";"Z";"65-69";2015;"samomori";11
"1169";"Z";"65-69";2016;"transportne.nezgode";3
"1170";"Z";"65-69";2016;"padci";3
"1171";"Z";"65-69";2016;"druge.nezgode";9
"1172";"Z";"65-69";2016;"samomori";6
"1173";"Z";"65-69";2017;"transportne.nezgode";3
"1174";"Z";"65-69";2017;"padci";2
"1175";"Z";"65-69";2017;"druge.nezgode";8
"1176";"Z";"65-69";2017;"samomori";5
"1177";"Z";"65-69";2018;"transportne.nezgode";0
"1178";"Z";"65-69";2018;"padci";3
"1179";"Z";"65-69";2018;"druge.nezgode";9
"1180";"Z";"65-69";2018;"samomori";9
"1181";"Z";"65-69";2019;"transportne.nezgode";2
"1182";"Z";"65-69";2019;"padci";4
"1183";"Z";"65-69";2019;"druge.nezgode";8
"1184";"Z";"65-69";2019;"samomori";10
"1185";"Z";"65-69";2020;"transportne.nezgode";3
"1186";"Z";"65-69";2020;"padci";3
"1187";"Z";"65-69";2020;"druge.nezgode";9
"1188";"Z";"65-69";2020;"samomori";10
"1189";"Z";"70-74";2010;"transportne.nezgode";2
"1190";"Z";"70-74";2010;"padci";18
"1191";"Z";"70-74";2010;"druge.nezgode";14
"1192";"Z";"70-74";2010;"samomori";9
"1193";"Z";"70-74";2011;"transportne.nezgode";1
"1194";"Z";"70-74";2011;"padci";12
"1195";"Z";"70-74";2011;"druge.nezgode";23
"1196";"Z";"70-74";2011;"samomori";7
"1197";"Z";"70-74";2012;"transportne.nezgode";3
"1198";"Z";"70-74";2012;"padci";18
"1199";"Z";"70-74";2012;"druge.nezgode";18
"1200";"Z";"70-74";2012;"samomori";6
"1201";"Z";"70-74";2013;"transportne.nezgode";5
"1202";"Z";"70-74";2013;"padci";11
"1203";"Z";"70-74";2013;"druge.nezgode";9
"1204";"Z";"70-74";2013;"samomori";10
"1205";"Z";"70-74";2014;"transportne.nezgode";1
"1206";"Z";"70-74";2014;"padci";4
"1207";"Z";"70-74";2014;"druge.nezgode";11
"1208";"Z";"70-74";2014;"samomori";10
"1209";"Z";"70-74";2015;"transportne.nezgode";7
"1210";"Z";"70-74";2015;"padci";14
"1211";"Z";"70-74";2015;"druge.nezgode";15
"1212";"Z";"70-74";2015;"samomori";9
"1213";"Z";"70-74";2016;"transportne.nezgode";1
"1214";"Z";"70-74";2016;"padci";14
"1215";"Z";"70-74";2016;"druge.nezgode";12
"1216";"Z";"70-74";2016;"samomori";8
"1217";"Z";"70-74";2017;"transportne.nezgode";2
"1218";"Z";"70-74";2017;"padci";18
"1219";"Z";"70-74";2017;"druge.nezgode";15
"1220";"Z";"70-74";2017;"samomori";5
"1221";"Z";"70-74";2018;"transportne.nezgode";3
"1222";"Z";"70-74";2018;"padci";12
"1223";"Z";"70-74";2018;"druge.nezgode";8
"1224";"Z";"70-74";2018;"samomori";4
"1225";"Z";"70-74";2019;"transportne.nezgode";2
"1226";"Z";"70-74";2019;"padci";15
"1227";"Z";"70-74";2019;"druge.nezgode";10
"1228";"Z";"70-74";2019;"samomori";10
"1229";"Z";"70-74";2020;"transportne.nezgode";3
"1230";"Z";"70-74";2020;"padci";16
"1231";"Z";"70-74";2020;"druge.nezgode";16
"1232";"Z";"70-74";2020;"samomori";7
"1233";"Z";"75-79";2010;"transportne.nezgode";3
"1234";"Z";"75-79";2010;"padci";25
"1235";"Z";"75-79";2010;"druge.nezgode";25
"1236";"Z";"75-79";2010;"samomori";4
"1237";"Z";"75-79";2011;"transportne.nezgode";0
"1238";"Z";"75-79";2011;"padci";23
"1239";"Z";"75-79";2011;"druge.nezgode";20
"1240";"Z";"75-79";2011;"samomori";9
"1241";"Z";"75-79";2012;"transportne.nezgode";7
"1242";"Z";"75-79";2012;"padci";30
"1243";"Z";"75-79";2012;"druge.nezgode";28
"1244";"Z";"75-79";2012;"samomori";6
"1245";"Z";"75-79";2013;"transportne.nezgode";1
"1246";"Z";"75-79";2013;"padci";20
"1247";"Z";"75-79";2013;"druge.nezgode";17
"1248";"Z";"75-79";2013;"samomori";10
"1249";"Z";"75-79";2014;"transportne.nezgode";2
"1250";"Z";"75-79";2014;"padci";30
"1251";"Z";"75-79";2014;"druge.nezgode";14
"1252";"Z";"75-79";2014;"samomori";6
"1253";"Z";"75-79";2015;"transportne.nezgode";4
"1254";"Z";"75-79";2015;"padci";26
"1255";"Z";"75-79";2015;"druge.nezgode";18
"1256";"Z";"75-79";2015;"samomori";9
"1257";"Z";"75-79";2016;"transportne.nezgode";2
"1258";"Z";"75-79";2016;"padci";24
"1259";"Z";"75-79";2016;"druge.nezgode";18
"1260";"Z";"75-79";2016;"samomori";10
"1261";"Z";"75-79";2017;"transportne.nezgode";1
"1262";"Z";"75-79";2017;"padci";36
"1263";"Z";"75-79";2017;"druge.nezgode";20
"1264";"Z";"75-79";2017;"samomori";9
"1265";"Z";"75-79";2018;"transportne.nezgode";1
"1266";"Z";"75-79";2018;"padci";34
"1267";"Z";"75-79";2018;"druge.nezgode";19
"1268";"Z";"75-79";2018;"samomori";5
"1269";"Z";"75-79";2019;"transportne.nezgode";2
"1270";"Z";"75-79";2019;"padci";38
"1271";"Z";"75-79";2019;"druge.nezgode";12
"1272";"Z";"75-79";2019;"samomori";6
"1273";"Z";"75-79";2020;"transportne.nezgode";1
"1274";"Z";"75-79";2020;"padci";37
"1275";"Z";"75-79";2020;"druge.nezgode";15
"1276";"Z";"75-79";2020;"samomori";6
"1277";"Z";"80+";2010;"transportne.nezgode";4
"1278";"Z";"80+";2010;"padci";209
"1279";"Z";"80+";2010;"druge.nezgode";52
"1280";"Z";"80+";2010;"samomori";8
"1281";"Z";"80+";2011;"transportne.nezgode";0
"1282";"Z";"80+";2011;"padci";250
"1283";"Z";"80+";2011;"druge.nezgode";37
"1284";"Z";"80+";2011;"samomori";11
"1285";"Z";"80+";2012;"transportne.nezgode";4
"1286";"Z";"80+";2012;"padci";245
"1287";"Z";"80+";2012;"druge.nezgode";68
"1288";"Z";"80+";2012;"samomori";6
"1289";"Z";"80+";2013;"transportne.nezgode";3
"1290";"Z";"80+";2013;"padci";248
"1291";"Z";"80+";2013;"druge.nezgode";41
"1292";"Z";"80+";2013;"samomori";10
"1293";"Z";"80+";2014;"transportne.nezgode";3
"1294";"Z";"80+";2014;"padci";226
"1295";"Z";"80+";2014;"druge.nezgode";33
"1296";"Z";"80+";2014;"samomori";9
"1297";"Z";"80+";2015;"transportne.nezgode";7
"1298";"Z";"80+";2015;"padci";225
"1299";"Z";"80+";2015;"druge.nezgode";30
"1300";"Z";"80+";2015;"samomori";10
"1301";"Z";"80+";2016;"transportne.nezgode";6
"1302";"Z";"80+";2016;"padci";225
"1303";"Z";"80+";2016;"druge.nezgode";38
"1304";"Z";"80+";2016;"samomori";12
"1305";"Z";"80+";2017;"transportne.nezgode";5
"1306";"Z";"80+";2017;"padci";323
"1307";"Z";"80+";2017;"druge.nezgode";41
"1308";"Z";"80+";2017;"samomori";15
"1309";"Z";"80+";2018;"transportne.nezgode";4
"1310";"Z";"80+";2018;"padci";386
"1311";"Z";"80+";2018;"druge.nezgode";46
"1312";"Z";"80+";2018;"samomori";12
"1313";"Z";"80+";2019;"transportne.nezgode";4
"1314";"Z";"80+";2019;"padci";368
"1315";"Z";"80+";2019;"druge.nezgode";38
"1316";"Z";"80+";2019;"samomori";12
"1317";"Z";"80+";2020;"transportne.nezgode";1
"1318";"Z";"80+";2020;"padci";523
"1319";"Z";"80+";2020;"druge.nezgode";51
"1320";"Z";"80+";2020;"samomori";19
