"";"spol";"regija";"leto";"kriterij";"umrli"
"1";"M";"SLO";"2010";"umrli.na.1000.prebivalcev";9,2
"2";"M";"SLO";"2010";"umrli.dojencki.na.1000.zivorojenih";2,1
"3";"M";"SLO";"2010";"povprecna.starost.umrlega";70,7
"4";"M";"SLO";"2011";"umrli.na.1000.prebivalcev";9,1
"5";"M";"SLO";"2011";"umrli.dojencki.na.1000.zivorojenih";3,6
"6";"M";"SLO";"2011";"povprecna.starost.umrlega";71,2
"7";"M";"SLO";"2012";"umrli.na.1000.prebivalcev";9,3
"8";"M";"SLO";"2012";"umrli.dojencki.na.1000.zivorojenih";1,6
"9";"M";"SLO";"2012";"povprecna.starost.umrlega";71,8
"10";"M";"SLO";"2013";"umrli.na.1000.prebivalcev";9,4
"11";"M";"SLO";"2013";"umrli.dojencki.na.1000.zivorojenih";3
"12";"M";"SLO";"2013";"povprecna.starost.umrlega";71,9
"13";"M";"SLO";"2014";"umrli.na.1000.prebivalcev";9
"14";"M";"SLO";"2014";"umrli.dojencki.na.1000.zivorojenih";1,7
"15";"M";"SLO";"2014";"povprecna.starost.umrlega";72,7
"16";"M";"SLO";"2015";"umrli.na.1000.prebivalcev";9,5
"17";"M";"SLO";"2015";"umrli.dojencki.na.1000.zivorojenih";1,7
"18";"M";"SLO";"2015";"povprecna.starost.umrlega";72,8
"19";"M";"SLO";"2016";"umrli.na.1000.prebivalcev";9,4
"20";"M";"SLO";"2016";"umrli.dojencki.na.1000.zivorojenih";1,9
"21";"M";"SLO";"2016";"povprecna.starost.umrlega";73
"22";"M";"SLO";"2017";"umrli.na.1000.prebivalcev";9,9
"23";"M";"SLO";"2017";"umrli.dojencki.na.1000.zivorojenih";2
"24";"M";"SLO";"2017";"povprecna.starost.umrlega";74
"25";"M";"SLO";"2018";"umrli.na.1000.prebivalcev";9,8
"26";"M";"SLO";"2018";"umrli.dojencki.na.1000.zivorojenih";2,2
"27";"M";"SLO";"2018";"povprecna.starost.umrlega";74,1
"28";"M";"SLO";"2019";"umrli.na.1000.prebivalcev";9,7
"29";"M";"SLO";"2019";"umrli.dojencki.na.1000.zivorojenih";2,5
"30";"M";"SLO";"2019";"povprecna.starost.umrlega";73,9
"31";"M";"SLO";"2020";"umrli.na.1000.prebivalcev";11,1
"32";"M";"SLO";"2020";"umrli.dojencki.na.1000.zivorojenih";2,5
"33";"M";"SLO";"2020";"povprecna.starost.umrlega";75,3
"34";"M";"MS";"2010";"umrli.na.1000.prebivalcev";10,7
"35";"M";"MS";"2010";"umrli.dojencki.na.1000.zivorojenih";0
"36";"M";"MS";"2010";"povprecna.starost.umrlega";70,3
"37";"M";"MS";"2011";"umrli.na.1000.prebivalcev";11,6
"38";"M";"MS";"2011";"umrli.dojencki.na.1000.zivorojenih";3,6
"39";"M";"MS";"2011";"povprecna.starost.umrlega";70,9
"40";"M";"MS";"2012";"umrli.na.1000.prebivalcev";10,6
"41";"M";"MS";"2012";"umrli.dojencki.na.1000.zivorojenih";0
"42";"M";"MS";"2012";"povprecna.starost.umrlega";71,1
"43";"M";"MS";"2013";"umrli.na.1000.prebivalcev";11,5
"44";"M";"MS";"2013";"umrli.dojencki.na.1000.zivorojenih";0
"45";"M";"MS";"2013";"povprecna.starost.umrlega";70,6
"46";"M";"MS";"2014";"umrli.na.1000.prebivalcev";11,8
"47";"M";"MS";"2014";"umrli.dojencki.na.1000.zivorojenih";5,7
"48";"M";"MS";"2014";"povprecna.starost.umrlega";71,8
"49";"M";"MS";"2015";"umrli.na.1000.prebivalcev";11,2
"50";"M";"MS";"2015";"umrli.dojencki.na.1000.zivorojenih";0
"51";"M";"MS";"2015";"povprecna.starost.umrlega";72
"52";"M";"MS";"2016";"umrli.na.1000.prebivalcev";11,6
"53";"M";"MS";"2016";"umrli.dojencki.na.1000.zivorojenih";4,1
"54";"M";"MS";"2016";"povprecna.starost.umrlega";71,7
"55";"M";"MS";"2017";"umrli.na.1000.prebivalcev";11,7
"56";"M";"MS";"2017";"umrli.dojencki.na.1000.zivorojenih";0
"57";"M";"MS";"2017";"povprecna.starost.umrlega";73,3
"58";"M";"MS";"2018";"umrli.na.1000.prebivalcev";12,2
"59";"M";"MS";"2018";"umrli.dojencki.na.1000.zivorojenih";0
"60";"M";"MS";"2018";"povprecna.starost.umrlega";72,7
"61";"M";"MS";"2019";"umrli.na.1000.prebivalcev";12,1
"62";"M";"MS";"2019";"umrli.dojencki.na.1000.zivorojenih";0
"63";"M";"MS";"2019";"povprecna.starost.umrlega";72,6
"64";"M";"MS";"2020";"umrli.na.1000.prebivalcev";14,5
"65";"M";"MS";"2020";"umrli.dojencki.na.1000.zivorojenih";0
"66";"M";"MS";"2020";"povprecna.starost.umrlega";73,9
"67";"M";"MB";"2010";"umrli.na.1000.prebivalcev";9,9
"68";"M";"MB";"2010";"umrli.dojencki.na.1000.zivorojenih";3,7
"69";"M";"MB";"2010";"povprecna.starost.umrlega";69,2
"70";"M";"MB";"2011";"umrli.na.1000.prebivalcev";10,4
"71";"M";"MB";"2011";"umrli.dojencki.na.1000.zivorojenih";2
"72";"M";"MB";"2011";"povprecna.starost.umrlega";70,2
"73";"M";"MB";"2012";"umrli.na.1000.prebivalcev";9,8
"74";"M";"MB";"2012";"umrli.dojencki.na.1000.zivorojenih";1,3
"75";"M";"MB";"2012";"povprecna.starost.umrlega";70,9
"76";"M";"MB";"2013";"umrli.na.1000.prebivalcev";10,5
"77";"M";"MB";"2013";"umrli.dojencki.na.1000.zivorojenih";1,3
"78";"M";"MB";"2013";"povprecna.starost.umrlega";71,2
"79";"M";"MB";"2014";"umrli.na.1000.prebivalcev";9,6
"80";"M";"MB";"2014";"umrli.dojencki.na.1000.zivorojenih";2,6
"81";"M";"MB";"2014";"povprecna.starost.umrlega";71,7
"82";"M";"MB";"2015";"umrli.na.1000.prebivalcev";10,4
"83";"M";"MB";"2015";"umrli.dojencki.na.1000.zivorojenih";3,3
"84";"M";"MB";"2015";"povprecna.starost.umrlega";71,9
"85";"M";"MB";"2016";"umrli.na.1000.prebivalcev";10,4
"86";"M";"MB";"2016";"umrli.dojencki.na.1000.zivorojenih";2
"87";"M";"MB";"2016";"povprecna.starost.umrlega";72,1
"88";"M";"MB";"2017";"umrli.na.1000.prebivalcev";11,1
"89";"M";"MB";"2017";"umrli.dojencki.na.1000.zivorojenih";1,3
"90";"M";"MB";"2017";"povprecna.starost.umrlega";73,7
"91";"M";"MB";"2018";"umrli.na.1000.prebivalcev";11,2
"92";"M";"MB";"2018";"umrli.dojencki.na.1000.zivorojenih";2,7
"93";"M";"MB";"2018";"povprecna.starost.umrlega";73,3
"94";"M";"MB";"2019";"umrli.na.1000.prebivalcev";10,7
"95";"M";"MB";"2019";"umrli.dojencki.na.1000.zivorojenih";3,4
"96";"M";"MB";"2019";"povprecna.starost.umrlega";73,4
"97";"M";"MB";"2020";"umrli.na.1000.prebivalcev";12,4
"98";"M";"MB";"2020";"umrli.dojencki.na.1000.zivorojenih";1,5
"99";"M";"MB";"2020";"povprecna.starost.umrlega";74,5
"100";"M";"SG";"2010";"umrli.na.1000.prebivalcev";9,3
"101";"M";"SG";"2010";"umrli.dojencki.na.1000.zivorojenih";2,8
"102";"M";"SG";"2010";"povprecna.starost.umrlega";68,9
"103";"M";"SG";"2011";"umrli.na.1000.prebivalcev";10,6
"104";"M";"SG";"2011";"umrli.dojencki.na.1000.zivorojenih";5,6
"105";"M";"SG";"2011";"povprecna.starost.umrlega";70,9
"106";"M";"SG";"2012";"umrli.na.1000.prebivalcev";9,3
"107";"M";"SG";"2012";"umrli.dojencki.na.1000.zivorojenih";2,7
"108";"M";"SG";"2012";"povprecna.starost.umrlega";71,7
"109";"M";"SG";"2013";"umrli.na.1000.prebivalcev";9,9
"110";"M";"SG";"2013";"umrli.dojencki.na.1000.zivorojenih";0
"111";"M";"SG";"2013";"povprecna.starost.umrlega";71,2
"112";"M";"SG";"2014";"umrli.na.1000.prebivalcev";9
"113";"M";"SG";"2014";"umrli.dojencki.na.1000.zivorojenih";0
"114";"M";"SG";"2014";"povprecna.starost.umrlega";71,8
"115";"M";"SG";"2015";"umrli.na.1000.prebivalcev";10,1
"116";"M";"SG";"2015";"umrli.dojencki.na.1000.zivorojenih";0
"117";"M";"SG";"2015";"povprecna.starost.umrlega";71
"118";"M";"SG";"2016";"umrli.na.1000.prebivalcev";10,9
"119";"M";"SG";"2016";"umrli.dojencki.na.1000.zivorojenih";3
"120";"M";"SG";"2016";"povprecna.starost.umrlega";70,5
"121";"M";"SG";"2017";"umrli.na.1000.prebivalcev";9,7
"122";"M";"SG";"2017";"umrli.dojencki.na.1000.zivorojenih";0
"123";"M";"SG";"2017";"povprecna.starost.umrlega";74,6
"124";"M";"SG";"2018";"umrli.na.1000.prebivalcev";9,2
"125";"M";"SG";"2018";"umrli.dojencki.na.1000.zivorojenih";0
"126";"M";"SG";"2018";"povprecna.starost.umrlega";74,4
"127";"M";"SG";"2019";"umrli.na.1000.prebivalcev";11,4
"128";"M";"SG";"2019";"umrli.dojencki.na.1000.zivorojenih";2,9
"129";"M";"SG";"2019";"povprecna.starost.umrlega";73
"130";"M";"SG";"2020";"umrli.na.1000.prebivalcev";12,3
"131";"M";"SG";"2020";"umrli.dojencki.na.1000.zivorojenih";6,6
"132";"M";"SG";"2020";"povprecna.starost.umrlega";75,2
"133";"M";"CE";"2010";"umrli.na.1000.prebivalcev";9,4
"134";"M";"CE";"2010";"umrli.dojencki.na.1000.zivorojenih";1,4
"135";"M";"CE";"2010";"povprecna.starost.umrlega";70,5
"136";"M";"CE";"2011";"umrli.na.1000.prebivalcev";8,7
"137";"M";"CE";"2011";"umrli.dojencki.na.1000.zivorojenih";3,6
"138";"M";"CE";"2011";"povprecna.starost.umrlega";69,8
"139";"M";"CE";"2012";"umrli.na.1000.prebivalcev";9,8
"140";"M";"CE";"2012";"umrli.dojencki.na.1000.zivorojenih";0,7
"141";"M";"CE";"2012";"povprecna.starost.umrlega";71,3
"142";"M";"CE";"2013";"umrli.na.1000.prebivalcev";9,1
"143";"M";"CE";"2013";"umrli.dojencki.na.1000.zivorojenih";0,8
"144";"M";"CE";"2013";"povprecna.starost.umrlega";71,5
"145";"M";"CE";"2014";"umrli.na.1000.prebivalcev";8,9
"146";"M";"CE";"2014";"umrli.dojencki.na.1000.zivorojenih";0
"147";"M";"CE";"2014";"povprecna.starost.umrlega";72,2
"148";"M";"CE";"2015";"umrli.na.1000.prebivalcev";10,1
"149";"M";"CE";"2015";"umrli.dojencki.na.1000.zivorojenih";1,5
"150";"M";"CE";"2015";"povprecna.starost.umrlega";72,3
"151";"M";"CE";"2016";"umrli.na.1000.prebivalcev";9,7
"152";"M";"CE";"2016";"umrli.dojencki.na.1000.zivorojenih";0
"153";"M";"CE";"2016";"povprecna.starost.umrlega";72,6
"154";"M";"CE";"2017";"umrli.na.1000.prebivalcev";10,4
"155";"M";"CE";"2017";"umrli.dojencki.na.1000.zivorojenih";2,4
"156";"M";"CE";"2017";"povprecna.starost.umrlega";73
"157";"M";"CE";"2018";"umrli.na.1000.prebivalcev";10
"158";"M";"CE";"2018";"umrli.dojencki.na.1000.zivorojenih";2,5
"159";"M";"CE";"2018";"povprecna.starost.umrlega";74
"160";"M";"CE";"2019";"umrli.na.1000.prebivalcev";9,9
"161";"M";"CE";"2019";"umrli.dojencki.na.1000.zivorojenih";3,3
"162";"M";"CE";"2019";"povprecna.starost.umrlega";73,4
"163";"M";"CE";"2020";"umrli.na.1000.prebivalcev";11,6
"164";"M";"CE";"2020";"umrli.dojencki.na.1000.zivorojenih";1,6
"165";"M";"CE";"2020";"povprecna.starost.umrlega";75
"166";"M";"ZA";"2010";"umrli.na.1000.prebivalcev";10,9
"167";"M";"ZA";"2010";"umrli.dojencki.na.1000.zivorojenih";4,6
"168";"M";"ZA";"2010";"povprecna.starost.umrlega";70,9
"169";"M";"ZA";"2011";"umrli.na.1000.prebivalcev";11,1
"170";"M";"ZA";"2011";"umrli.dojencki.na.1000.zivorojenih";0
"171";"M";"ZA";"2011";"povprecna.starost.umrlega";70,4
"172";"M";"ZA";"2012";"umrli.na.1000.prebivalcev";10,5
"173";"M";"ZA";"2012";"umrli.dojencki.na.1000.zivorojenih";0
"174";"M";"ZA";"2012";"povprecna.starost.umrlega";71,9
"175";"M";"ZA";"2013";"umrli.na.1000.prebivalcev";12,1
"176";"M";"ZA";"2013";"umrli.dojencki.na.1000.zivorojenih";0
"177";"M";"ZA";"2013";"povprecna.starost.umrlega";72,7
"178";"M";"ZA";"2014";"umrli.na.1000.prebivalcev";11,8
"179";"M";"ZA";"2014";"umrli.dojencki.na.1000.zivorojenih";0
"180";"M";"ZA";"2014";"povprecna.starost.umrlega";72,5
"181";"M";"ZA";"2015";"umrli.na.1000.prebivalcev";10,5
"182";"M";"ZA";"2015";"umrli.dojencki.na.1000.zivorojenih";3,4
"183";"M";"ZA";"2015";"povprecna.starost.umrlega";71,2
"184";"M";"ZA";"2016";"umrli.na.1000.prebivalcev";10,6
"185";"M";"ZA";"2016";"umrli.dojencki.na.1000.zivorojenih";0
"186";"M";"ZA";"2016";"povprecna.starost.umrlega";72,6
"187";"M";"ZA";"2017";"umrli.na.1000.prebivalcev";10,7
"188";"M";"ZA";"2017";"umrli.dojencki.na.1000.zivorojenih";7
"189";"M";"ZA";"2017";"povprecna.starost.umrlega";73,5
"190";"M";"ZA";"2018";"umrli.na.1000.prebivalcev";10,5
"191";"M";"ZA";"2018";"umrli.dojencki.na.1000.zivorojenih";7,8
"192";"M";"ZA";"2018";"povprecna.starost.umrlega";72,8
"193";"M";"ZA";"2019";"umrli.na.1000.prebivalcev";11,4
"194";"M";"ZA";"2019";"umrli.dojencki.na.1000.zivorojenih";4,3
"195";"M";"ZA";"2019";"povprecna.starost.umrlega";74
"196";"M";"ZA";"2020";"umrli.na.1000.prebivalcev";12
"197";"M";"ZA";"2020";"umrli.dojencki.na.1000.zivorojenih";0
"198";"M";"ZA";"2020";"povprecna.starost.umrlega";73,6
"199";"M";"KK";"2010";"umrli.na.1000.prebivalcev";11,8
"200";"M";"KK";"2010";"umrli.dojencki.na.1000.zivorojenih";0
"201";"M";"KK";"2010";"povprecna.starost.umrlega";70,5
"202";"M";"KK";"2011";"umrli.na.1000.prebivalcev";9,6
"203";"M";"KK";"2011";"umrli.dojencki.na.1000.zivorojenih";11,1
"204";"M";"KK";"2011";"povprecna.starost.umrlega";71,5
"205";"M";"KK";"2012";"umrli.na.1000.prebivalcev";11,2
"206";"M";"KK";"2012";"umrli.dojencki.na.1000.zivorojenih";2,8
"207";"M";"KK";"2012";"povprecna.starost.umrlega";70,6
"208";"M";"KK";"2013";"umrli.na.1000.prebivalcev";11,1
"209";"M";"KK";"2013";"umrli.dojencki.na.1000.zivorojenih";2,8
"210";"M";"KK";"2013";"povprecna.starost.umrlega";70,7
"211";"M";"KK";"2014";"umrli.na.1000.prebivalcev";10,5
"212";"M";"KK";"2014";"umrli.dojencki.na.1000.zivorojenih";0
"213";"M";"KK";"2014";"povprecna.starost.umrlega";72,9
"214";"M";"KK";"2015";"umrli.na.1000.prebivalcev";10,2
"215";"M";"KK";"2015";"umrli.dojencki.na.1000.zivorojenih";2,5
"216";"M";"KK";"2015";"povprecna.starost.umrlega";73,4
"217";"M";"KK";"2016";"umrli.na.1000.prebivalcev";11,8
"218";"M";"KK";"2016";"umrli.dojencki.na.1000.zivorojenih";2,6
"219";"M";"KK";"2016";"povprecna.starost.umrlega";72,8
"220";"M";"KK";"2017";"umrli.na.1000.prebivalcev";10,7
"221";"M";"KK";"2017";"umrli.dojencki.na.1000.zivorojenih";0
"222";"M";"KK";"2017";"povprecna.starost.umrlega";73,4
"223";"M";"KK";"2018";"umrli.na.1000.prebivalcev";10,9
"224";"M";"KK";"2018";"umrli.dojencki.na.1000.zivorojenih";5,3
"225";"M";"KK";"2018";"povprecna.starost.umrlega";73,7
"226";"M";"KK";"2019";"umrli.na.1000.prebivalcev";10,9
"227";"M";"KK";"2019";"umrli.dojencki.na.1000.zivorojenih";0
"228";"M";"KK";"2019";"povprecna.starost.umrlega";72,1
"229";"M";"KK";"2020";"umrli.na.1000.prebivalcev";11,5
"230";"M";"KK";"2020";"umrli.dojencki.na.1000.zivorojenih";5,8
"231";"M";"KK";"2020";"povprecna.starost.umrlega";73,7
"232";"M";"NM";"2010";"umrli.na.1000.prebivalcev";8,9
"233";"M";"NM";"2010";"umrli.dojencki.na.1000.zivorojenih";1,2
"234";"M";"NM";"2010";"povprecna.starost.umrlega";69,4
"235";"M";"NM";"2011";"umrli.na.1000.prebivalcev";9,2
"236";"M";"NM";"2011";"umrli.dojencki.na.1000.zivorojenih";7
"237";"M";"NM";"2011";"povprecna.starost.umrlega";70,7
"238";"M";"NM";"2012";"umrli.na.1000.prebivalcev";9,9
"239";"M";"NM";"2012";"umrli.dojencki.na.1000.zivorojenih";6,1
"240";"M";"NM";"2012";"povprecna.starost.umrlega";71,3
"241";"M";"NM";"2013";"umrli.na.1000.prebivalcev";9,4
"242";"M";"NM";"2013";"umrli.dojencki.na.1000.zivorojenih";2,4
"243";"M";"NM";"2013";"povprecna.starost.umrlega";71,1
"244";"M";"NM";"2014";"umrli.na.1000.prebivalcev";9,6
"245";"M";"NM";"2014";"umrli.dojencki.na.1000.zivorojenih";4,6
"246";"M";"NM";"2014";"povprecna.starost.umrlega";71,8
"247";"M";"NM";"2015";"umrli.na.1000.prebivalcev";9,6
"248";"M";"NM";"2015";"umrli.dojencki.na.1000.zivorojenih";0
"249";"M";"NM";"2015";"povprecna.starost.umrlega";72
"250";"M";"NM";"2016";"umrli.na.1000.prebivalcev";9,2
"251";"M";"NM";"2016";"umrli.dojencki.na.1000.zivorojenih";0
"252";"M";"NM";"2016";"povprecna.starost.umrlega";72,8
"253";"M";"NM";"2017";"umrli.na.1000.prebivalcev";10,1
"254";"M";"NM";"2017";"umrli.dojencki.na.1000.zivorojenih";3,9
"255";"M";"NM";"2017";"povprecna.starost.umrlega";73
"256";"M";"NM";"2018";"umrli.na.1000.prebivalcev";10,3
"257";"M";"NM";"2018";"umrli.dojencki.na.1000.zivorojenih";0
"258";"M";"NM";"2018";"povprecna.starost.umrlega";73,5
"259";"M";"NM";"2019";"umrli.na.1000.prebivalcev";9,6
"260";"M";"NM";"2019";"umrli.dojencki.na.1000.zivorojenih";2,5
"261";"M";"NM";"2019";"povprecna.starost.umrlega";73,8
"262";"M";"NM";"2020";"umrli.na.1000.prebivalcev";11,3
"263";"M";"NM";"2020";"umrli.dojencki.na.1000.zivorojenih";3,8
"264";"M";"NM";"2020";"povprecna.starost.umrlega";75
"265";"M";"LJ";"2010";"umrli.na.1000.prebivalcev";7,7
"266";"M";"LJ";"2010";"umrli.dojencki.na.1000.zivorojenih";1,5
"267";"M";"LJ";"2010";"povprecna.starost.umrlega";71,6
"268";"M";"LJ";"2011";"umrli.na.1000.prebivalcev";7,7
"269";"M";"LJ";"2011";"umrli.dojencki.na.1000.zivorojenih";2,8
"270";"M";"LJ";"2011";"povprecna.starost.umrlega";72
"271";"M";"LJ";"2012";"umrli.na.1000.prebivalcev";7,8
"272";"M";"LJ";"2012";"umrli.dojencki.na.1000.zivorojenih";0,9
"273";"M";"LJ";"2012";"povprecna.starost.umrlega";72,5
"274";"M";"LJ";"2013";"umrli.na.1000.prebivalcev";7,7
"275";"M";"LJ";"2013";"umrli.dojencki.na.1000.zivorojenih";3,9
"276";"M";"LJ";"2013";"povprecna.starost.umrlega";72,5
"277";"M";"LJ";"2014";"umrli.na.1000.prebivalcev";7,5
"278";"M";"LJ";"2014";"umrli.dojencki.na.1000.zivorojenih";0,3
"279";"M";"LJ";"2014";"povprecna.starost.umrlega";74
"280";"M";"LJ";"2015";"umrli.na.1000.prebivalcev";8
"281";"M";"LJ";"2015";"umrli.dojencki.na.1000.zivorojenih";2
"282";"M";"LJ";"2015";"povprecna.starost.umrlega";73,2
"283";"M";"LJ";"2016";"umrli.na.1000.prebivalcev";7,6
"284";"M";"LJ";"2016";"umrli.dojencki.na.1000.zivorojenih";3,2
"285";"M";"LJ";"2016";"povprecna.starost.umrlega";74,1
"286";"M";"LJ";"2017";"umrli.na.1000.prebivalcev";8,2
"287";"M";"LJ";"2017";"umrli.dojencki.na.1000.zivorojenih";1,7
"288";"M";"LJ";"2017";"povprecna.starost.umrlega";74,4
"289";"M";"LJ";"2018";"umrli.na.1000.prebivalcev";8,2
"290";"M";"LJ";"2018";"umrli.dojencki.na.1000.zivorojenih";1,8
"291";"M";"LJ";"2018";"povprecna.starost.umrlega";75,1
"292";"M";"LJ";"2019";"umrli.na.1000.prebivalcev";8
"293";"M";"LJ";"2019";"umrli.dojencki.na.1000.zivorojenih";1,4
"294";"M";"LJ";"2019";"povprecna.starost.umrlega";74,8
"295";"M";"LJ";"2020";"umrli.na.1000.prebivalcev";9,5
"296";"M";"LJ";"2020";"umrli.dojencki.na.1000.zivorojenih";1,4
"297";"M";"LJ";"2020";"povprecna.starost.umrlega";76,5
"298";"M";"KR";"2010";"umrli.na.1000.prebivalcev";8,8
"299";"M";"KR";"2010";"umrli.dojencki.na.1000.zivorojenih";2,4
"300";"M";"KR";"2010";"povprecna.starost.umrlega";71,1
"301";"M";"KR";"2011";"umrli.na.1000.prebivalcev";8,5
"302";"M";"KR";"2011";"umrli.dojencki.na.1000.zivorojenih";1,7
"303";"M";"KR";"2011";"povprecna.starost.umrlega";71,8
"304";"M";"KR";"2012";"umrli.na.1000.prebivalcev";8,5
"305";"M";"KR";"2012";"umrli.dojencki.na.1000.zivorojenih";1,6
"306";"M";"KR";"2012";"povprecna.starost.umrlega";72,1
"307";"M";"KR";"2013";"umrli.na.1000.prebivalcev";8,5
"308";"M";"KR";"2013";"umrli.dojencki.na.1000.zivorojenih";7,7
"309";"M";"KR";"2013";"povprecna.starost.umrlega";72,6
"310";"M";"KR";"2014";"umrli.na.1000.prebivalcev";8,5
"311";"M";"KR";"2014";"umrli.dojencki.na.1000.zivorojenih";0
"312";"M";"KR";"2014";"povprecna.starost.umrlega";72,4
"313";"M";"KR";"2015";"umrli.na.1000.prebivalcev";8,6
"314";"M";"KR";"2015";"umrli.dojencki.na.1000.zivorojenih";0,9
"315";"M";"KR";"2015";"povprecna.starost.umrlega";74
"316";"M";"KR";"2016";"umrli.na.1000.prebivalcev";8,7
"317";"M";"KR";"2016";"umrli.dojencki.na.1000.zivorojenih";1
"318";"M";"KR";"2016";"povprecna.starost.umrlega";74,3
"319";"M";"KR";"2017";"umrli.na.1000.prebivalcev";9,5
"320";"M";"KR";"2017";"umrli.dojencki.na.1000.zivorojenih";2,7
"321";"M";"KR";"2017";"povprecna.starost.umrlega";74,8
"322";"M";"KR";"2018";"umrli.na.1000.prebivalcev";9,1
"323";"M";"KR";"2018";"umrli.dojencki.na.1000.zivorojenih";2,8
"324";"M";"KR";"2018";"povprecna.starost.umrlega";74,6
"325";"M";"KR";"2019";"umrli.na.1000.prebivalcev";8,9
"326";"M";"KR";"2019";"umrli.dojencki.na.1000.zivorojenih";1,9
"327";"M";"KR";"2019";"povprecna.starost.umrlega";74,9
"328";"M";"KR";"2020";"umrli.na.1000.prebivalcev";10,7
"329";"M";"KR";"2020";"umrli.dojencki.na.1000.zivorojenih";3
"330";"M";"KR";"2020";"povprecna.starost.umrlega";76,4
"331";"M";"PO";"2010";"umrli.na.1000.prebivalcev";9,6
"332";"M";"PO";"2010";"umrli.dojencki.na.1000.zivorojenih";3,3
"333";"M";"PO";"2010";"povprecna.starost.umrlega";73
"334";"M";"PO";"2011";"umrli.na.1000.prebivalcev";8,1
"335";"M";"PO";"2011";"umrli.dojencki.na.1000.zivorojenih";10,3
"336";"M";"PO";"2011";"povprecna.starost.umrlega";72,2
"337";"M";"PO";"2012";"umrli.na.1000.prebivalcev";10,1
"338";"M";"PO";"2012";"umrli.dojencki.na.1000.zivorojenih";3,4
"339";"M";"PO";"2012";"povprecna.starost.umrlega";71,4
"340";"M";"PO";"2013";"umrli.na.1000.prebivalcev";10,2
"341";"M";"PO";"2013";"umrli.dojencki.na.1000.zivorojenih";13,3
"342";"M";"PO";"2013";"povprecna.starost.umrlega";72,6
"343";"M";"PO";"2014";"umrli.na.1000.prebivalcev";9,7
"344";"M";"PO";"2014";"umrli.dojencki.na.1000.zivorojenih";0
"345";"M";"PO";"2014";"povprecna.starost.umrlega";74,9
"346";"M";"PO";"2015";"umrli.na.1000.prebivalcev";10,9
"347";"M";"PO";"2015";"umrli.dojencki.na.1000.zivorojenih";3,5
"348";"M";"PO";"2015";"povprecna.starost.umrlega";74,8
"349";"M";"PO";"2016";"umrli.na.1000.prebivalcev";10,2
"350";"M";"PO";"2016";"umrli.dojencki.na.1000.zivorojenih";3,8
"351";"M";"PO";"2016";"povprecna.starost.umrlega";73,1
"352";"M";"PO";"2017";"umrli.na.1000.prebivalcev";9,9
"353";"M";"PO";"2017";"umrli.dojencki.na.1000.zivorojenih";0
"354";"M";"PO";"2017";"povprecna.starost.umrlega";76,3
"355";"M";"PO";"2018";"umrli.na.1000.prebivalcev";10,1
"356";"M";"PO";"2018";"umrli.dojencki.na.1000.zivorojenih";0
"357";"M";"PO";"2018";"povprecna.starost.umrlega";75,4
"358";"M";"PO";"2019";"umrli.na.1000.prebivalcev";10,3
"359";"M";"PO";"2019";"umrli.dojencki.na.1000.zivorojenih";7,7
"360";"M";"PO";"2019";"povprecna.starost.umrlega";74,3
"361";"M";"PO";"2020";"umrli.na.1000.prebivalcev";11,1
"362";"M";"PO";"2020";"umrli.dojencki.na.1000.zivorojenih";7,7
"363";"M";"PO";"2020";"povprecna.starost.umrlega";75,2
"364";"M";"NG";"2010";"umrli.na.1000.prebivalcev";9,2
"365";"M";"NG";"2010";"umrli.dojencki.na.1000.zivorojenih";2,9
"366";"M";"NG";"2010";"povprecna.starost.umrlega";73
"367";"M";"NG";"2011";"umrli.na.1000.prebivalcev";9,3
"368";"M";"NG";"2011";"umrli.dojencki.na.1000.zivorojenih";2,9
"369";"M";"NG";"2011";"povprecna.starost.umrlega";73,9
"370";"M";"NG";"2012";"umrli.na.1000.prebivalcev";11
"371";"M";"NG";"2012";"umrli.dojencki.na.1000.zivorojenih";0
"372";"M";"NG";"2012";"povprecna.starost.umrlega";73,1
"373";"M";"NG";"2013";"umrli.na.1000.prebivalcev";10,6
"374";"M";"NG";"2013";"umrli.dojencki.na.1000.zivorojenih";1,6
"375";"M";"NG";"2013";"povprecna.starost.umrlega";73,8
"376";"M";"NG";"2014";"umrli.na.1000.prebivalcev";10
"377";"M";"NG";"2014";"umrli.dojencki.na.1000.zivorojenih";5
"378";"M";"NG";"2014";"povprecna.starost.umrlega";73,3
"379";"M";"NG";"2015";"umrli.na.1000.prebivalcev";9,8
"380";"M";"NG";"2015";"umrli.dojencki.na.1000.zivorojenih";0
"381";"M";"NG";"2015";"povprecna.starost.umrlega";73,9
"382";"M";"NG";"2016";"umrli.na.1000.prebivalcev";10,2
"383";"M";"NG";"2016";"umrli.dojencki.na.1000.zivorojenih";1,7
"384";"M";"NG";"2016";"povprecna.starost.umrlega";74,2
"385";"M";"NG";"2017";"umrli.na.1000.prebivalcev";10,9
"386";"M";"NG";"2017";"umrli.dojencki.na.1000.zivorojenih";1,8
"387";"M";"NG";"2017";"povprecna.starost.umrlega";74,6
"388";"M";"NG";"2018";"umrli.na.1000.prebivalcev";10,6
"389";"M";"NG";"2018";"umrli.dojencki.na.1000.zivorojenih";1,8
"390";"M";"NG";"2018";"povprecna.starost.umrlega";74,9
"391";"M";"NG";"2019";"umrli.na.1000.prebivalcev";10,2
"392";"M";"NG";"2019";"umrli.dojencki.na.1000.zivorojenih";7,7
"393";"M";"NG";"2019";"povprecna.starost.umrlega";75,1
"394";"M";"NG";"2020";"umrli.na.1000.prebivalcev";10,7
"395";"M";"NG";"2020";"umrli.dojencki.na.1000.zivorojenih";3,6
"396";"M";"NG";"2020";"povprecna.starost.umrlega";76,1
"397";"M";"KP";"2010";"umrli.na.1000.prebivalcev";9,8
"398";"M";"KP";"2010";"umrli.dojencki.na.1000.zivorojenih";3,5
"399";"M";"KP";"2010";"povprecna.starost.umrlega";71,9
"400";"M";"KP";"2011";"umrli.na.1000.prebivalcev";9,5
"401";"M";"KP";"2011";"umrli.dojencki.na.1000.zivorojenih";5,3
"402";"M";"KP";"2011";"povprecna.starost.umrlega";71,8
"403";"M";"KP";"2012";"umrli.na.1000.prebivalcev";8,6
"404";"M";"KP";"2012";"umrli.dojencki.na.1000.zivorojenih";3,5
"405";"M";"KP";"2012";"povprecna.starost.umrlega";72,8
"406";"M";"KP";"2013";"umrli.na.1000.prebivalcev";9,8
"407";"M";"KP";"2013";"umrli.dojencki.na.1000.zivorojenih";0
"408";"M";"KP";"2013";"povprecna.starost.umrlega";72,7
"409";"M";"KP";"2014";"umrli.na.1000.prebivalcev";8,7
"410";"M";"KP";"2014";"umrli.dojencki.na.1000.zivorojenih";7,3
"411";"M";"KP";"2014";"povprecna.starost.umrlega";72,5
"412";"M";"KP";"2015";"umrli.na.1000.prebivalcev";10,3
"413";"M";"KP";"2015";"umrli.dojencki.na.1000.zivorojenih";2
"414";"M";"KP";"2015";"povprecna.starost.umrlega";74
"415";"M";"KP";"2016";"umrli.na.1000.prebivalcev";10
"416";"M";"KP";"2016";"umrli.dojencki.na.1000.zivorojenih";1,9
"417";"M";"KP";"2016";"povprecna.starost.umrlega";73,7
"418";"M";"KP";"2017";"umrli.na.1000.prebivalcev";9,3
"419";"M";"KP";"2017";"umrli.dojencki.na.1000.zivorojenih";3,9
"420";"M";"KP";"2017";"povprecna.starost.umrlega";75,1
"421";"M";"KP";"2018";"umrli.na.1000.prebivalcev";9,8
"422";"M";"KP";"2018";"umrli.dojencki.na.1000.zivorojenih";4
"423";"M";"KP";"2018";"povprecna.starost.umrlega";74,5
"424";"M";"KP";"2019";"umrli.na.1000.prebivalcev";9,6
"425";"M";"KP";"2019";"umrli.dojencki.na.1000.zivorojenih";0
"426";"M";"KP";"2019";"povprecna.starost.umrlega";74,2
"427";"M";"KP";"2020";"umrli.na.1000.prebivalcev";10,1
"428";"M";"KP";"2020";"umrli.dojencki.na.1000.zivorojenih";4,2
"429";"M";"KP";"2020";"povprecna.starost.umrlega";75,2
"430";"Z";"SLO";"2010";"umrli.na.1000.prebivalcev";9
"431";"Z";"SLO";"2010";"umrli.dojencki.na.1000.zivorojenih";3
"432";"Z";"SLO";"2010";"povprecna.starost.umrlega";79,3
"433";"Z";"SLO";"2011";"umrli.na.1000.prebivalcev";9,1
"434";"Z";"SLO";"2011";"umrli.dojencki.na.1000.zivorojenih";2,1
"435";"Z";"SLO";"2011";"povprecna.starost.umrlega";79,7
"436";"Z";"SLO";"2012";"umrli.na.1000.prebivalcev";9,5
"437";"Z";"SLO";"2012";"umrli.dojencki.na.1000.zivorojenih";1,7
"438";"Z";"SLO";"2012";"povprecna.starost.umrlega";80
"439";"Z";"SLO";"2013";"umrli.na.1000.prebivalcev";9,4
"440";"Z";"SLO";"2013";"umrli.dojencki.na.1000.zivorojenih";2,9
"441";"Z";"SLO";"2013";"povprecna.starost.umrlega";80,3
"442";"Z";"SLO";"2014";"umrli.na.1000.prebivalcev";9,3
"443";"Z";"SLO";"2014";"umrli.dojencki.na.1000.zivorojenih";2
"444";"Z";"SLO";"2014";"povprecna.starost.umrlega";80,9
"445";"Z";"SLO";"2015";"umrli.na.1000.prebivalcev";9,7
"446";"Z";"SLO";"2015";"umrli.dojencki.na.1000.zivorojenih";1,5
"447";"Z";"SLO";"2015";"povprecna.starost.umrlega";81
"448";"Z";"SLO";"2016";"umrli.na.1000.prebivalcev";9,6
"449";"Z";"SLO";"2016";"umrli.dojencki.na.1000.zivorojenih";2,1
"450";"Z";"SLO";"2016";"povprecna.starost.umrlega";81,4
"451";"Z";"SLO";"2017";"umrli.na.1000.prebivalcev";10
"452";"Z";"SLO";"2017";"umrli.dojencki.na.1000.zivorojenih";2,2
"453";"Z";"SLO";"2017";"povprecna.starost.umrlega";81,4
"454";"Z";"SLO";"2018";"umrli.na.1000.prebivalcev";10
"455";"Z";"SLO";"2018";"umrli.dojencki.na.1000.zivorojenih";1,2
"456";"Z";"SLO";"2018";"povprecna.starost.umrlega";81,6
"457";"Z";"SLO";"2019";"umrli.na.1000.prebivalcev";10
"458";"Z";"SLO";"2019";"umrli.dojencki.na.1000.zivorojenih";1,6
"459";"Z";"SLO";"2019";"povprecna.starost.umrlega";82,1
"460";"Z";"SLO";"2020";"umrli.na.1000.prebivalcev";11,7
"461";"Z";"SLO";"2020";"umrli.dojencki.na.1000.zivorojenih";1,9
"462";"Z";"SLO";"2020";"povprecna.starost.umrlega";82,9
"463";"Z";"MS";"2010";"umrli.na.1000.prebivalcev";11,4
"464";"Z";"MS";"2010";"umrli.dojencki.na.1000.zivorojenih";0
"465";"Z";"MS";"2010";"povprecna.starost.umrlega";79,6
"466";"Z";"MS";"2011";"umrli.na.1000.prebivalcev";12,1
"467";"Z";"MS";"2011";"umrli.dojencki.na.1000.zivorojenih";4
"468";"Z";"MS";"2011";"povprecna.starost.umrlega";79,6
"469";"Z";"MS";"2012";"umrli.na.1000.prebivalcev";11,9
"470";"Z";"MS";"2012";"umrli.dojencki.na.1000.zivorojenih";0
"471";"Z";"MS";"2012";"povprecna.starost.umrlega";80,8
"472";"Z";"MS";"2013";"umrli.na.1000.prebivalcev";11,7
"473";"Z";"MS";"2013";"umrli.dojencki.na.1000.zivorojenih";0
"474";"Z";"MS";"2013";"povprecna.starost.umrlega";81
"475";"Z";"MS";"2014";"umrli.na.1000.prebivalcev";11,6
"476";"Z";"MS";"2014";"umrli.dojencki.na.1000.zivorojenih";2,1
"477";"Z";"MS";"2014";"povprecna.starost.umrlega";81,3
"478";"Z";"MS";"2015";"umrli.na.1000.prebivalcev";12
"479";"Z";"MS";"2015";"umrli.dojencki.na.1000.zivorojenih";2
"480";"Z";"MS";"2015";"povprecna.starost.umrlega";81,8
"481";"Z";"MS";"2016";"umrli.na.1000.prebivalcev";11,9
"482";"Z";"MS";"2016";"umrli.dojencki.na.1000.zivorojenih";0
"483";"Z";"MS";"2016";"povprecna.starost.umrlega";81,7
"484";"Z";"MS";"2017";"umrli.na.1000.prebivalcev";12,1
"485";"Z";"MS";"2017";"umrli.dojencki.na.1000.zivorojenih";2
"486";"Z";"MS";"2017";"povprecna.starost.umrlega";81,5
"487";"Z";"MS";"2018";"umrli.na.1000.prebivalcev";12,3
"488";"Z";"MS";"2018";"umrli.dojencki.na.1000.zivorojenih";0
"489";"Z";"MS";"2018";"povprecna.starost.umrlega";81,7
"490";"Z";"MS";"2019";"umrli.na.1000.prebivalcev";13,5
"491";"Z";"MS";"2019";"umrli.dojencki.na.1000.zivorojenih";0
"492";"Z";"MS";"2019";"povprecna.starost.umrlega";81,8
"493";"Z";"MS";"2020";"umrli.na.1000.prebivalcev";15,3
"494";"Z";"MS";"2020";"umrli.dojencki.na.1000.zivorojenih";2,5
"495";"Z";"MS";"2020";"povprecna.starost.umrlega";82,6
"496";"Z";"MB";"2010";"umrli.na.1000.prebivalcev";9,7
"497";"Z";"MB";"2010";"umrli.dojencki.na.1000.zivorojenih";3,3
"498";"Z";"MB";"2010";"povprecna.starost.umrlega";78,6
"499";"Z";"MB";"2011";"umrli.na.1000.prebivalcev";9,8
"500";"Z";"MB";"2011";"umrli.dojencki.na.1000.zivorojenih";2,7
"501";"Z";"MB";"2011";"povprecna.starost.umrlega";78,9
"502";"Z";"MB";"2012";"umrli.na.1000.prebivalcev";10,1
"503";"Z";"MB";"2012";"umrli.dojencki.na.1000.zivorojenih";2,1
"504";"Z";"MB";"2012";"povprecna.starost.umrlega";79,3
"505";"Z";"MB";"2013";"umrli.na.1000.prebivalcev";10,3
"506";"Z";"MB";"2013";"umrli.dojencki.na.1000.zivorojenih";1,4
"507";"Z";"MB";"2013";"povprecna.starost.umrlega";80,2
"508";"Z";"MB";"2014";"umrli.na.1000.prebivalcev";9,8
"509";"Z";"MB";"2014";"umrli.dojencki.na.1000.zivorojenih";1,4
"510";"Z";"MB";"2014";"povprecna.starost.umrlega";80,6
"511";"Z";"MB";"2015";"umrli.na.1000.prebivalcev";11,2
"512";"Z";"MB";"2015";"umrli.dojencki.na.1000.zivorojenih";2,1
"513";"Z";"MB";"2015";"povprecna.starost.umrlega";80,1
"514";"Z";"MB";"2016";"umrli.na.1000.prebivalcev";10,8
"515";"Z";"MB";"2016";"umrli.dojencki.na.1000.zivorojenih";2,8
"516";"Z";"MB";"2016";"povprecna.starost.umrlega";80,8
"517";"Z";"MB";"2017";"umrli.na.1000.prebivalcev";10,9
"518";"Z";"MB";"2017";"umrli.dojencki.na.1000.zivorojenih";2,2
"519";"Z";"MB";"2017";"povprecna.starost.umrlega";80,5
"520";"Z";"MB";"2018";"umrli.na.1000.prebivalcev";11,2
"521";"Z";"MB";"2018";"umrli.dojencki.na.1000.zivorojenih";1,5
"522";"Z";"MB";"2018";"povprecna.starost.umrlega";81,1
"523";"Z";"MB";"2019";"umrli.na.1000.prebivalcev";10,5
"524";"Z";"MB";"2019";"umrli.dojencki.na.1000.zivorojenih";3,6
"525";"Z";"MB";"2019";"povprecna.starost.umrlega";80,8
"526";"Z";"MB";"2020";"umrli.na.1000.prebivalcev";13,2
"527";"Z";"MB";"2020";"umrli.dojencki.na.1000.zivorojenih";2,4
"528";"Z";"MB";"2020";"povprecna.starost.umrlega";82,1
"529";"Z";"SG";"2010";"umrli.na.1000.prebivalcev";8,7
"530";"Z";"SG";"2010";"umrli.dojencki.na.1000.zivorojenih";0
"531";"Z";"SG";"2010";"povprecna.starost.umrlega";79,2
"532";"Z";"SG";"2011";"umrli.na.1000.prebivalcev";9,8
"533";"Z";"SG";"2011";"umrli.dojencki.na.1000.zivorojenih";2,8
"534";"Z";"SG";"2011";"povprecna.starost.umrlega";79,9
"535";"Z";"SG";"2012";"umrli.na.1000.prebivalcev";9,3
"536";"Z";"SG";"2012";"umrli.dojencki.na.1000.zivorojenih";0
"537";"Z";"SG";"2012";"povprecna.starost.umrlega";79,8
"538";"Z";"SG";"2013";"umrli.na.1000.prebivalcev";9,3
"539";"Z";"SG";"2013";"umrli.dojencki.na.1000.zivorojenih";6,1
"540";"Z";"SG";"2013";"povprecna.starost.umrlega";78,6
"541";"Z";"SG";"2014";"umrli.na.1000.prebivalcev";9,5
"542";"Z";"SG";"2014";"umrli.dojencki.na.1000.zivorojenih";0
"543";"Z";"SG";"2014";"povprecna.starost.umrlega";81,1
"544";"Z";"SG";"2015";"umrli.na.1000.prebivalcev";9,6
"545";"Z";"SG";"2015";"umrli.dojencki.na.1000.zivorojenih";0
"546";"Z";"SG";"2015";"povprecna.starost.umrlega";79,6
"547";"Z";"SG";"2016";"umrli.na.1000.prebivalcev";9,6
"548";"Z";"SG";"2016";"umrli.dojencki.na.1000.zivorojenih";2,8
"549";"Z";"SG";"2016";"povprecna.starost.umrlega";80,5
"550";"Z";"SG";"2017";"umrli.na.1000.prebivalcev";9,7
"551";"Z";"SG";"2017";"umrli.dojencki.na.1000.zivorojenih";0
"552";"Z";"SG";"2017";"povprecna.starost.umrlega";81
"553";"Z";"SG";"2018";"umrli.na.1000.prebivalcev";10,8
"554";"Z";"SG";"2018";"umrli.dojencki.na.1000.zivorojenih";3,1
"555";"Z";"SG";"2018";"povprecna.starost.umrlega";80,4
"556";"Z";"SG";"2019";"umrli.na.1000.prebivalcev";10,2
"557";"Z";"SG";"2019";"umrli.dojencki.na.1000.zivorojenih";0
"558";"Z";"SG";"2019";"povprecna.starost.umrlega";82
"559";"Z";"SG";"2020";"umrli.na.1000.prebivalcev";12,3
"560";"Z";"SG";"2020";"umrli.dojencki.na.1000.zivorojenih";0
"561";"Z";"SG";"2020";"povprecna.starost.umrlega";82
"562";"Z";"CE";"2010";"umrli.na.1000.prebivalcev";9,1
"563";"Z";"CE";"2010";"umrli.dojencki.na.1000.zivorojenih";3,6
"564";"Z";"CE";"2010";"povprecna.starost.umrlega";78,9
"565";"Z";"CE";"2011";"umrli.na.1000.prebivalcev";9,5
"566";"Z";"CE";"2011";"umrli.dojencki.na.1000.zivorojenih";2,2
"567";"Z";"CE";"2011";"povprecna.starost.umrlega";79,5
"568";"Z";"CE";"2012";"umrli.na.1000.prebivalcev";9,9
"569";"Z";"CE";"2012";"umrli.dojencki.na.1000.zivorojenih";2,2
"570";"Z";"CE";"2012";"povprecna.starost.umrlega";78,9
"571";"Z";"CE";"2013";"umrli.na.1000.prebivalcev";9,8
"572";"Z";"CE";"2013";"umrli.dojencki.na.1000.zivorojenih";3,7
"573";"Z";"CE";"2013";"povprecna.starost.umrlega";80
"574";"Z";"CE";"2014";"umrli.na.1000.prebivalcev";9,7
"575";"Z";"CE";"2014";"umrli.dojencki.na.1000.zivorojenih";1,6
"576";"Z";"CE";"2014";"povprecna.starost.umrlega";80
"577";"Z";"CE";"2015";"umrli.na.1000.prebivalcev";9,7
"578";"Z";"CE";"2015";"umrli.dojencki.na.1000.zivorojenih";1,6
"579";"Z";"CE";"2015";"povprecna.starost.umrlega";80,3
"580";"Z";"CE";"2016";"umrli.na.1000.prebivalcev";9,8
"581";"Z";"CE";"2016";"umrli.dojencki.na.1000.zivorojenih";1,6
"582";"Z";"CE";"2016";"povprecna.starost.umrlega";81,1
"583";"Z";"CE";"2017";"umrli.na.1000.prebivalcev";10,3
"584";"Z";"CE";"2017";"umrli.dojencki.na.1000.zivorojenih";1,7
"585";"Z";"CE";"2017";"povprecna.starost.umrlega";81
"586";"Z";"CE";"2018";"umrli.na.1000.prebivalcev";9,8
"587";"Z";"CE";"2018";"umrli.dojencki.na.1000.zivorojenih";0
"588";"Z";"CE";"2018";"povprecna.starost.umrlega";81,3
"589";"Z";"CE";"2019";"umrli.na.1000.prebivalcev";9,8
"590";"Z";"CE";"2019";"umrli.dojencki.na.1000.zivorojenih";0
"591";"Z";"CE";"2019";"povprecna.starost.umrlega";82,2
"592";"Z";"CE";"2020";"umrli.na.1000.prebivalcev";12,2
"593";"Z";"CE";"2020";"umrli.dojencki.na.1000.zivorojenih";0,9
"594";"Z";"CE";"2020";"povprecna.starost.umrlega";82,4
"595";"Z";"ZA";"2010";"umrli.na.1000.prebivalcev";10,9
"596";"Z";"ZA";"2010";"umrli.dojencki.na.1000.zivorojenih";5,1
"597";"Z";"ZA";"2010";"povprecna.starost.umrlega";79,6
"598";"Z";"ZA";"2011";"umrli.na.1000.prebivalcev";11,7
"599";"Z";"ZA";"2011";"umrli.dojencki.na.1000.zivorojenih";0
"600";"Z";"ZA";"2011";"povprecna.starost.umrlega";78,7
"601";"Z";"ZA";"2012";"umrli.na.1000.prebivalcev";11,4
"602";"Z";"ZA";"2012";"umrli.dojencki.na.1000.zivorojenih";0
"603";"Z";"ZA";"2012";"povprecna.starost.umrlega";79,6
"604";"Z";"ZA";"2013";"umrli.na.1000.prebivalcev";11,7
"605";"Z";"ZA";"2013";"umrli.dojencki.na.1000.zivorojenih";15,4
"606";"Z";"ZA";"2013";"povprecna.starost.umrlega";79,4
"607";"Z";"ZA";"2014";"umrli.na.1000.prebivalcev";11,5
"608";"Z";"ZA";"2014";"umrli.dojencki.na.1000.zivorojenih";4,7
"609";"Z";"ZA";"2014";"povprecna.starost.umrlega";79,9
"610";"Z";"ZA";"2015";"umrli.na.1000.prebivalcev";10,6
"611";"Z";"ZA";"2015";"umrli.dojencki.na.1000.zivorojenih";7,9
"612";"Z";"ZA";"2015";"povprecna.starost.umrlega";80,7
"613";"Z";"ZA";"2016";"umrli.na.1000.prebivalcev";10,9
"614";"Z";"ZA";"2016";"umrli.dojencki.na.1000.zivorojenih";0
"615";"Z";"ZA";"2016";"povprecna.starost.umrlega";80,3
"616";"Z";"ZA";"2017";"umrli.na.1000.prebivalcev";11,5
"617";"Z";"ZA";"2017";"umrli.dojencki.na.1000.zivorojenih";0
"618";"Z";"ZA";"2017";"povprecna.starost.umrlega";81,8
"619";"Z";"ZA";"2018";"umrli.na.1000.prebivalcev";11,1
"620";"Z";"ZA";"2018";"umrli.dojencki.na.1000.zivorojenih";4,1
"621";"Z";"ZA";"2018";"povprecna.starost.umrlega";80,7
"622";"Z";"ZA";"2019";"umrli.na.1000.prebivalcev";10,2
"623";"Z";"ZA";"2019";"umrli.dojencki.na.1000.zivorojenih";0
"624";"Z";"ZA";"2019";"povprecna.starost.umrlega";83,7
"625";"Z";"ZA";"2020";"umrli.na.1000.prebivalcev";12,7
"626";"Z";"ZA";"2020";"umrli.dojencki.na.1000.zivorojenih";4,8
"627";"Z";"ZA";"2020";"povprecna.starost.umrlega";82,2
"628";"Z";"KK";"2010";"umrli.na.1000.prebivalcev";10,9
"629";"Z";"KK";"2010";"umrli.dojencki.na.1000.zivorojenih";0
"630";"Z";"KK";"2010";"povprecna.starost.umrlega";78,8
"631";"Z";"KK";"2011";"umrli.na.1000.prebivalcev";12
"632";"Z";"KK";"2011";"umrli.dojencki.na.1000.zivorojenih";0
"633";"Z";"KK";"2011";"povprecna.starost.umrlega";78,5
"634";"Z";"KK";"2012";"umrli.na.1000.prebivalcev";11,9
"635";"Z";"KK";"2012";"umrli.dojencki.na.1000.zivorojenih";0
"636";"Z";"KK";"2012";"povprecna.starost.umrlega";80
"637";"Z";"KK";"2013";"umrli.na.1000.prebivalcev";11,1
"638";"Z";"KK";"2013";"umrli.dojencki.na.1000.zivorojenih";0
"639";"Z";"KK";"2013";"povprecna.starost.umrlega";80,3
"640";"Z";"KK";"2014";"umrli.na.1000.prebivalcev";11,5
"641";"Z";"KK";"2014";"umrli.dojencki.na.1000.zivorojenih";3,1
"642";"Z";"KK";"2014";"povprecna.starost.umrlega";81,4
"643";"Z";"KK";"2015";"umrli.na.1000.prebivalcev";11,8
"644";"Z";"KK";"2015";"umrli.dojencki.na.1000.zivorojenih";0
"645";"Z";"KK";"2015";"povprecna.starost.umrlega";81,1
"646";"Z";"KK";"2016";"umrli.na.1000.prebivalcev";10,9
"647";"Z";"KK";"2016";"umrli.dojencki.na.1000.zivorojenih";0
"648";"Z";"KK";"2016";"povprecna.starost.umrlega";81,8
"649";"Z";"KK";"2017";"umrli.na.1000.prebivalcev";10,8
"650";"Z";"KK";"2017";"umrli.dojencki.na.1000.zivorojenih";2,7
"651";"Z";"KK";"2017";"povprecna.starost.umrlega";81,5
"652";"Z";"KK";"2018";"umrli.na.1000.prebivalcev";11,4
"653";"Z";"KK";"2018";"umrli.dojencki.na.1000.zivorojenih";0
"654";"Z";"KK";"2018";"povprecna.starost.umrlega";81,6
"655";"Z";"KK";"2019";"umrli.na.1000.prebivalcev";10,8
"656";"Z";"KK";"2019";"umrli.dojencki.na.1000.zivorojenih";0
"657";"Z";"KK";"2019";"povprecna.starost.umrlega";82,7
"658";"Z";"KK";"2020";"umrli.na.1000.prebivalcev";13,3
"659";"Z";"KK";"2020";"umrli.dojencki.na.1000.zivorojenih";0
"660";"Z";"KK";"2020";"povprecna.starost.umrlega";83,2
"661";"Z";"NM";"2010";"umrli.na.1000.prebivalcev";9,3
"662";"Z";"NM";"2010";"umrli.dojencki.na.1000.zivorojenih";1,2
"663";"Z";"NM";"2010";"povprecna.starost.umrlega";79,8
"664";"Z";"NM";"2011";"umrli.na.1000.prebivalcev";9,2
"665";"Z";"NM";"2011";"umrli.dojencki.na.1000.zivorojenih";1,3
"666";"Z";"NM";"2011";"povprecna.starost.umrlega";78,9
"667";"Z";"NM";"2012";"umrli.na.1000.prebivalcev";9,2
"668";"Z";"NM";"2012";"umrli.dojencki.na.1000.zivorojenih";0
"669";"Z";"NM";"2012";"povprecna.starost.umrlega";80,5
"670";"Z";"NM";"2013";"umrli.na.1000.prebivalcev";9,6
"671";"Z";"NM";"2013";"umrli.dojencki.na.1000.zivorojenih";4,1
"672";"Z";"NM";"2013";"povprecna.starost.umrlega";80,3
"673";"Z";"NM";"2014";"umrli.na.1000.prebivalcev";9,4
"674";"Z";"NM";"2014";"umrli.dojencki.na.1000.zivorojenih";2,6
"675";"Z";"NM";"2014";"povprecna.starost.umrlega";81,3
"676";"Z";"NM";"2015";"umrli.na.1000.prebivalcev";10,4
"677";"Z";"NM";"2015";"umrli.dojencki.na.1000.zivorojenih";0
"678";"Z";"NM";"2015";"povprecna.starost.umrlega";81,5
"679";"Z";"NM";"2016";"umrli.na.1000.prebivalcev";10,3
"680";"Z";"NM";"2016";"umrli.dojencki.na.1000.zivorojenih";2,7
"681";"Z";"NM";"2016";"povprecna.starost.umrlega";81,8
"682";"Z";"NM";"2017";"umrli.na.1000.prebivalcev";10,4
"683";"Z";"NM";"2017";"umrli.dojencki.na.1000.zivorojenih";2,5
"684";"Z";"NM";"2017";"povprecna.starost.umrlega";80,9
"685";"Z";"NM";"2018";"umrli.na.1000.prebivalcev";10,8
"686";"Z";"NM";"2018";"umrli.dojencki.na.1000.zivorojenih";0
"687";"Z";"NM";"2018";"povprecna.starost.umrlega";82,1
"688";"Z";"NM";"2019";"umrli.na.1000.prebivalcev";10,7
"689";"Z";"NM";"2019";"umrli.dojencki.na.1000.zivorojenih";0
"690";"Z";"NM";"2019";"povprecna.starost.umrlega";82,9
"691";"Z";"NM";"2020";"umrli.na.1000.prebivalcev";12
"692";"Z";"NM";"2020";"umrli.dojencki.na.1000.zivorojenih";1,4
"693";"Z";"NM";"2020";"povprecna.starost.umrlega";83,4
"694";"Z";"LJ";"2010";"umrli.na.1000.prebivalcev";7,6
"695";"Z";"LJ";"2010";"umrli.dojencki.na.1000.zivorojenih";3,2
"696";"Z";"LJ";"2010";"povprecna.starost.umrlega";79,2
"697";"Z";"LJ";"2011";"umrli.na.1000.prebivalcev";7,6
"698";"Z";"LJ";"2011";"umrli.dojencki.na.1000.zivorojenih";2,6
"699";"Z";"LJ";"2011";"povprecna.starost.umrlega";80,3
"700";"Z";"LJ";"2012";"umrli.na.1000.prebivalcev";8,2
"701";"Z";"LJ";"2012";"umrli.dojencki.na.1000.zivorojenih";1,6
"702";"Z";"LJ";"2012";"povprecna.starost.umrlega";80,2
"703";"Z";"LJ";"2013";"umrli.na.1000.prebivalcev";7,9
"704";"Z";"LJ";"2013";"umrli.dojencki.na.1000.zivorojenih";3,4
"705";"Z";"LJ";"2013";"povprecna.starost.umrlega";80,1
"706";"Z";"LJ";"2014";"umrli.na.1000.prebivalcev";7,7
"707";"Z";"LJ";"2014";"umrli.dojencki.na.1000.zivorojenih";1,7
"708";"Z";"LJ";"2014";"povprecna.starost.umrlega";80,8
"709";"Z";"LJ";"2015";"umrli.na.1000.prebivalcev";7,9
"710";"Z";"LJ";"2015";"umrli.dojencki.na.1000.zivorojenih";1,8
"711";"Z";"LJ";"2015";"povprecna.starost.umrlega";80,8
"712";"Z";"LJ";"2016";"umrli.na.1000.prebivalcev";7,8
"713";"Z";"LJ";"2016";"umrli.dojencki.na.1000.zivorojenih";1,8
"714";"Z";"LJ";"2016";"povprecna.starost.umrlega";81,6
"715";"Z";"LJ";"2017";"umrli.na.1000.prebivalcev";8,4
"716";"Z";"LJ";"2017";"umrli.dojencki.na.1000.zivorojenih";4
"717";"Z";"LJ";"2017";"povprecna.starost.umrlega";81,5
"718";"Z";"LJ";"2018";"umrli.na.1000.prebivalcev";8,2
"719";"Z";"LJ";"2018";"umrli.dojencki.na.1000.zivorojenih";1,1
"720";"Z";"LJ";"2018";"povprecna.starost.umrlega";81,7
"721";"Z";"LJ";"2019";"umrli.na.1000.prebivalcev";8,6
"722";"Z";"LJ";"2019";"umrli.dojencki.na.1000.zivorojenih";2,3
"723";"Z";"LJ";"2019";"povprecna.starost.umrlega";82
"724";"Z";"LJ";"2020";"umrli.na.1000.prebivalcev";9,7
"725";"Z";"LJ";"2020";"umrli.dojencki.na.1000.zivorojenih";1,2
"726";"Z";"LJ";"2020";"povprecna.starost.umrlega";83,5
"727";"Z";"KR";"2010";"umrli.na.1000.prebivalcev";8,1
"728";"Z";"KR";"2010";"umrli.dojencki.na.1000.zivorojenih";3,4
"729";"Z";"KR";"2010";"povprecna.starost.umrlega";79,2
"730";"Z";"KR";"2011";"umrli.na.1000.prebivalcev";7,8
"731";"Z";"KR";"2011";"umrli.dojencki.na.1000.zivorojenih";0,9
"732";"Z";"KR";"2011";"povprecna.starost.umrlega";79,4
"733";"Z";"KR";"2012";"umrli.na.1000.prebivalcev";8
"734";"Z";"KR";"2012";"umrli.dojencki.na.1000.zivorojenih";0
"735";"Z";"KR";"2012";"povprecna.starost.umrlega";80,1
"736";"Z";"KR";"2013";"umrli.na.1000.prebivalcev";8,7
"737";"Z";"KR";"2013";"umrli.dojencki.na.1000.zivorojenih";1,8
"738";"Z";"KR";"2013";"povprecna.starost.umrlega";80,4
"739";"Z";"KR";"2014";"umrli.na.1000.prebivalcev";8,5
"740";"Z";"KR";"2014";"umrli.dojencki.na.1000.zivorojenih";2,9
"741";"Z";"KR";"2014";"povprecna.starost.umrlega";80,7
"742";"Z";"KR";"2015";"umrli.na.1000.prebivalcev";8,8
"743";"Z";"KR";"2015";"umrli.dojencki.na.1000.zivorojenih";1
"744";"Z";"KR";"2015";"povprecna.starost.umrlega";81,4
"745";"Z";"KR";"2016";"umrli.na.1000.prebivalcev";8,6
"746";"Z";"KR";"2016";"umrli.dojencki.na.1000.zivorojenih";0
"747";"Z";"KR";"2016";"povprecna.starost.umrlega";81,6
"748";"Z";"KR";"2017";"umrli.na.1000.prebivalcev";9,4
"749";"Z";"KR";"2017";"umrli.dojencki.na.1000.zivorojenih";0
"750";"Z";"KR";"2017";"povprecna.starost.umrlega";80,9
"751";"Z";"KR";"2018";"umrli.na.1000.prebivalcev";9,3
"752";"Z";"KR";"2018";"umrli.dojencki.na.1000.zivorojenih";3,2
"753";"Z";"KR";"2018";"povprecna.starost.umrlega";81,3
"754";"Z";"KR";"2019";"umrli.na.1000.prebivalcev";9,7
"755";"Z";"KR";"2019";"umrli.dojencki.na.1000.zivorojenih";0
"756";"Z";"KR";"2019";"povprecna.starost.umrlega";82,3
"757";"Z";"KR";"2020";"umrli.na.1000.prebivalcev";11,4
"758";"Z";"KR";"2020";"umrli.dojencki.na.1000.zivorojenih";5,1
"759";"Z";"KR";"2020";"povprecna.starost.umrlega";82,7
"760";"Z";"PO";"2010";"umrli.na.1000.prebivalcev";10,9
"761";"Z";"PO";"2010";"umrli.dojencki.na.1000.zivorojenih";0
"762";"Z";"PO";"2010";"povprecna.starost.umrlega";82
"763";"Z";"PO";"2011";"umrli.na.1000.prebivalcev";9,7
"764";"Z";"PO";"2011";"umrli.dojencki.na.1000.zivorojenih";0
"765";"Z";"PO";"2011";"povprecna.starost.umrlega";82
"766";"Z";"PO";"2012";"umrli.na.1000.prebivalcev";11,2
"767";"Z";"PO";"2012";"umrli.dojencki.na.1000.zivorojenih";0
"768";"Z";"PO";"2012";"povprecna.starost.umrlega";81,4
"769";"Z";"PO";"2013";"umrli.na.1000.prebivalcev";9,6
"770";"Z";"PO";"2013";"umrli.dojencki.na.1000.zivorojenih";0
"771";"Z";"PO";"2013";"povprecna.starost.umrlega";82,4
"772";"Z";"PO";"2014";"umrli.na.1000.prebivalcev";11,7
"773";"Z";"PO";"2014";"umrli.dojencki.na.1000.zivorojenih";3,6
"774";"Z";"PO";"2014";"povprecna.starost.umrlega";82,2
"775";"Z";"PO";"2015";"umrli.na.1000.prebivalcev";10,6
"776";"Z";"PO";"2015";"umrli.dojencki.na.1000.zivorojenih";3,9
"777";"Z";"PO";"2015";"povprecna.starost.umrlega";82,5
"778";"Z";"PO";"2016";"umrli.na.1000.prebivalcev";11,1
"779";"Z";"PO";"2016";"umrli.dojencki.na.1000.zivorojenih";8,3
"780";"Z";"PO";"2016";"povprecna.starost.umrlega";83,2
"781";"Z";"PO";"2017";"umrli.na.1000.prebivalcev";11,4
"782";"Z";"PO";"2017";"umrli.dojencki.na.1000.zivorojenih";4,1
"783";"Z";"PO";"2017";"povprecna.starost.umrlega";83,9
"784";"Z";"PO";"2018";"umrli.na.1000.prebivalcev";11,3
"785";"Z";"PO";"2018";"umrli.dojencki.na.1000.zivorojenih";0
"786";"Z";"PO";"2018";"povprecna.starost.umrlega";83
"787";"Z";"PO";"2019";"umrli.na.1000.prebivalcev";12,7
"788";"Z";"PO";"2019";"umrli.dojencki.na.1000.zivorojenih";8,4
"789";"Z";"PO";"2019";"povprecna.starost.umrlega";83,8
"790";"Z";"PO";"2020";"umrli.na.1000.prebivalcev";13,4
"791";"Z";"PO";"2020";"umrli.dojencki.na.1000.zivorojenih";4,4
"792";"Z";"PO";"2020";"povprecna.starost.umrlega";83,3
"793";"Z";"NG";"2010";"umrli.na.1000.prebivalcev";10,2
"794";"Z";"NG";"2010";"umrli.dojencki.na.1000.zivorojenih";3,2
"795";"Z";"NG";"2010";"povprecna.starost.umrlega";80,7
"796";"Z";"NG";"2011";"umrli.na.1000.prebivalcev";10,1
"797";"Z";"NG";"2011";"umrli.dojencki.na.1000.zivorojenih";4,8
"798";"Z";"NG";"2011";"povprecna.starost.umrlega";81,4
"799";"Z";"NG";"2012";"umrli.na.1000.prebivalcev";10,6
"800";"Z";"NG";"2012";"umrli.dojencki.na.1000.zivorojenih";4,7
"801";"Z";"NG";"2012";"povprecna.starost.umrlega";81,7
"802";"Z";"NG";"2013";"umrli.na.1000.prebivalcev";10,7
"803";"Z";"NG";"2013";"umrli.dojencki.na.1000.zivorojenih";0
"804";"Z";"NG";"2013";"povprecna.starost.umrlega";81,5
"805";"Z";"NG";"2014";"umrli.na.1000.prebivalcev";11,3
"806";"Z";"NG";"2014";"umrli.dojencki.na.1000.zivorojenih";3,4
"807";"Z";"NG";"2014";"povprecna.starost.umrlega";81,4
"808";"Z";"NG";"2015";"umrli.na.1000.prebivalcev";11,6
"809";"Z";"NG";"2015";"umrli.dojencki.na.1000.zivorojenih";0
"810";"Z";"NG";"2015";"povprecna.starost.umrlega";82,7
"811";"Z";"NG";"2016";"umrli.na.1000.prebivalcev";11,7
"812";"Z";"NG";"2016";"umrli.dojencki.na.1000.zivorojenih";5,8
"813";"Z";"NG";"2016";"povprecna.starost.umrlega";82,6
"814";"Z";"NG";"2017";"umrli.na.1000.prebivalcev";11,3
"815";"Z";"NG";"2017";"umrli.dojencki.na.1000.zivorojenih";0
"816";"Z";"NG";"2017";"povprecna.starost.umrlega";83,2
"817";"Z";"NG";"2018";"umrli.na.1000.prebivalcev";10,6
"818";"Z";"NG";"2018";"umrli.dojencki.na.1000.zivorojenih";2
"819";"Z";"NG";"2018";"povprecna.starost.umrlega";82,5
"820";"Z";"NG";"2019";"umrli.na.1000.prebivalcev";11,6
"821";"Z";"NG";"2019";"umrli.dojencki.na.1000.zivorojenih";0
"822";"Z";"NG";"2019";"povprecna.starost.umrlega";83,2
"823";"Z";"NG";"2020";"umrli.na.1000.prebivalcev";12,2
"824";"Z";"NG";"2020";"umrli.dojencki.na.1000.zivorojenih";0
"825";"Z";"NG";"2020";"povprecna.starost.umrlega";84,3
"826";"Z";"KP";"2010";"umrli.na.1000.prebivalcev";8,2
"827";"Z";"KP";"2010";"umrli.dojencki.na.1000.zivorojenih";7,1
"828";"Z";"KP";"2010";"povprecna.starost.umrlega";78,3
"829";"Z";"KP";"2011";"umrli.na.1000.prebivalcev";8,3
"830";"Z";"KP";"2011";"umrli.dojencki.na.1000.zivorojenih";0
"831";"Z";"KP";"2011";"povprecna.starost.umrlega";79,6
"832";"Z";"KP";"2012";"umrli.na.1000.prebivalcev";9,4
"833";"Z";"KP";"2012";"umrli.dojencki.na.1000.zivorojenih";6,9
"834";"Z";"KP";"2012";"povprecna.starost.umrlega";80,1
"835";"Z";"KP";"2013";"umrli.na.1000.prebivalcev";8,4
"836";"Z";"KP";"2013";"umrli.dojencki.na.1000.zivorojenih";6,2
"837";"Z";"KP";"2013";"povprecna.starost.umrlega";79,7
"838";"Z";"KP";"2014";"umrli.na.1000.prebivalcev";8,6
"839";"Z";"KP";"2014";"umrli.dojencki.na.1000.zivorojenih";0
"840";"Z";"KP";"2014";"povprecna.starost.umrlega";81,4
"841";"Z";"KP";"2015";"umrli.na.1000.prebivalcev";8,1
"842";"Z";"KP";"2015";"umrli.dojencki.na.1000.zivorojenih";0
"843";"Z";"KP";"2015";"povprecna.starost.umrlega";81,7
"844";"Z";"KP";"2016";"umrli.na.1000.prebivalcev";9,1
"845";"Z";"KP";"2016";"umrli.dojencki.na.1000.zivorojenih";4
"846";"Z";"KP";"2016";"povprecna.starost.umrlega";80,4
"847";"Z";"KP";"2017";"umrli.na.1000.prebivalcev";9,1
"848";"Z";"KP";"2017";"umrli.dojencki.na.1000.zivorojenih";0
"849";"Z";"KP";"2017";"povprecna.starost.umrlega";82,5
"850";"Z";"KP";"2018";"umrli.na.1000.prebivalcev";10,1
"851";"Z";"KP";"2018";"umrli.dojencki.na.1000.zivorojenih";0
"852";"Z";"KP";"2018";"povprecna.starost.umrlega";82
"853";"Z";"KP";"2019";"umrli.na.1000.prebivalcev";9,2
"854";"Z";"KP";"2019";"umrli.dojencki.na.1000.zivorojenih";4,6
"855";"Z";"KP";"2019";"povprecna.starost.umrlega";82,1
"856";"Z";"KP";"2020";"umrli.na.1000.prebivalcev";10,6
"857";"Z";"KP";"2020";"umrli.dojencki.na.1000.zivorojenih";2,2
"858";"Z";"KP";"2020";"povprecna.starost.umrlega";82,7
